DROP DATABASE IF EXISTS CYBORG_ITSM;
CREATE DATABASE CYBORG_ITSM;
USE CYBORG_ITSM;


CREATE TABLE OPERARIO (
	ID_OPE INT AUTO_INCREMENT PRIMARY KEY ,
	NOM_OPE VARCHAR (25),
	APE_OPE VARCHAR (25),
	TDO_OPE VARCHAR (4),
	NRO_OPE CHAR (12) UNIQUE NOT NULL,
	TDC_OPE VARCHAR (15),
	CAR_OPE VARCHAR (15) ,
	DIR_OPE VARCHAR(50),
	TEL_OPE CHAR (10),
	RH_OPE  VARCHAR (4),
	EMA_OPE VARCHAR (50),
	EPS_OPE VARCHAR (20),
	ARL_OPE CHAR (10),
	FOT_OPE VARCHAR (50),
	SES_OPE INT (1) 
	);

CREATE TABLE SUPERVISOR (
		ID_SUP INT AUTO_INCREMENT PRIMARY KEY ,
		APE_SUP VARCHAR (25), 
		NOM_SUP VARCHAR (25), 
		USE_SUP VARCHAR (25), 
		PAS_SUP VARCHAR (25), 
		CAR_SUP VARCHAR (25), 
		FOT_SUP VARCHAR (50), 
		SES_SUP INT (1) 
	);

CREATE TABLE NOVEDAD (
	ID_NOV INT AUTO_INCREMENT PRIMARY KEY,
	TIP_NOV varchar(25) DEFAULT NULL,
	FEC_NOV varchar(25) DEFAULT NULL,
	DES_NOV varchar(200) DEFAULT NULL,
	FOT_NOV varchar(50) DEFAULT NULL,
	ID_SUP int(11) NOT NULL
);
CREATE TABLE SOLICITUD (
	ID_SOL INT AUTO_INCREMENT PRIMARY KEY,
	TIP_SOL varchar(25) DEFAULT NULL,
	FEC_SOL varchar(25) DEFAULT NULL,
	DES_SOL varchar(200) DEFAULT NULL,
	FOT_SOL varchar(50) DEFAULT NULL,
	EST_SOL varchar(10) DEFAULT NULL,
	DET_SOL varchar(100) DEFAULT NULL,
	ID_OPE int(11) NOT NULL
);


CREATE TABLE REGISTROS (
		ID_REG INT AUTO_INCREMENT PRIMARY KEY,
		DOC_REG VARCHAR(20) NOT NULL,
		NOM_REG VARCHAR(100) NOT NULL,
		APE_REG VARCHAR(100) NOT NULL,
		FEC_REG DATE NOT NULL,
		HOR_REG TIME NOT NULl,
		ACCION ENUM ('ingreso','salida') NOT  NULL,

		FOREIGN KEY (DOC_REG) REFERENCES OPERARIO(NRO_OPE)
	);
INSERT INTO OPERARIO (NOM_OPE,      APE_OPE,    TDO_OPE,   NRO_OPE,     CAR_OPE,         DIR_OPE,       TEL_OPE,     RH_OPE,  EMA_OPE,            EPS_OPE,     ARL_OPE,        FOT_OPE) VALUES
    ("NATALY", 	   "HERRERA",             "CC",     3021455851,"DESARROLLADOR",     "CLL 25 C 32 51",       3021455851, "O+",       "nataly@gmail.com",             "SALUD TOTAL",          "SURA",         "img_m1.jpg"),
    ("KEVIN",  	   "COLORADO", 		      "CC",     3012563265,"DESARROLLADOR",     "KRA 56 C 21 32",       3021455851,     "O+",   "colorado@gmail.com",   "SALUD TOTAL",          "SURA",         "img_h1.jpg"),
    ("ALEXANDER",   "MEJIA",             "CC",      3052103252,"DESARROLLADOR",     "CLL 21 A 35 65",       3021455851,     "O+",   "alexander@gmail.com",  "SALUD TOTAL",          "SURA",         "img_h2.jpg"),
    ("JULIAN", 	    "VALENCIA",         "CC",       3012212523,"DESARROLLADOR",     "DG 58 A 32 15",        3021455851,     "O+",   "julian@gmail.com",    "SALUD TOTAL",          "SURA",         "julian.jpg"),
    ("KAREN",        "ORDOÑEZ",  		 "CC",      3102456325,"DESARROLLADOR", "CLL 21 A 32 15",   3021455851,     "O+",   "karen@gmail.com",              "SALUD TOTAL",          "SURA",         "img_m3.jpg"),
    ("SANTIAGO",     "CASTRO",           "CC",      3125478951, "ANALISTA",      "KRA 15 #45-20", 3201254879, "A+",   "santiago@gmail.com", "SANITAS", "AXA COLPATRIA", "img_h3.jpg"),
    ("VALERIA",      "GUTIERREZ",        "CC",      3002145892, "DISEÑADOR",     "CLL 72 #10-32", 3057894125, "B-",   "valeria@gmail.com",  "SURA",    "COLMENA",       "img_m4.jpg"),
    ("SEBASTIAN",    "LOPEZ",            "CC",      3158745633, "INGENIERO",     "KRA 56 #20-14", 3103258745, "O+",   "sebastian@gmail.com", "SALUD TOTAL", "SURA", "img_h4.jpg"),
    ("ISABEL",       "ROMERO",           "CC",      3015487964, "ADMINISTRADOR", "DG 15 A #32-50", 3125789635, "AB-",  "isabel@gmail.com",  "COLSANITAS", "MAPFRE", "img_m5.jpg"),
    ("DANIEL",       "MARTÍNEZ",         "CC",      3185478966, "ANALISTA",      "CLL 50 #5-60", 3194785236, "A-",   "daniel@gmail.com",  "SURA",    "AXA COLPATRIA", "img_h5.jpg"),
    ("MARIANA",      "VERGARA",          "CC",      3021456988, "DESARROLLADOR", "KRA 15 #32-40", 3014789563, "O-",   "mariana@gmail.com", "SANITAS", "COLMENA", "img_m6.jpg"),
    ("ANDRES",       "PEREZ",            "CC",      3112549877, "ARQUITECTO",    "CLL 98 #14-32", 3125784123, "B+",   "andres@gmail.com",  "SALUD TOTAL", "SURA", "img_h6.jpg"),
    ("SOFIA",        "REYES",            "CC",      3201457899, "MARKETING",     "KRA 78 #20-42", 3106587412, "AB+",  "sofia@gmail.com", "COLSANITAS", "MAPFRE", "img_m7.jpg"),
    ("JUAN",         "DIAZ",             "CC",      3198745635, "EJECUTIVO",     "DG 32 #5-25",  3004789562, "A+",   "juan@gmail.com", "SURA", "COLMENA", "img_h7.jpg"),
    ("CARLA",        "MENDEZ",           "CC",      3124789657, "GERENTE",       "KRA 45 #15-68", 3126987412, "B-",   "carla@gmail.com", "SANITAS", "AXA COLPATRIA", "img_m8.jpg");
	
	INSERT INTO SUPERVISOR (APE_SUP,     NOM_SUP,    USE_SUP,    PAS_SUP,    CAR_SUP,    FOT_SUP) VALUES
    ('Gómez', 'Juan', 'jgo', '12345', 'Gerente', 'img_h3.jpg'),
    ('Martínez', 'Ana', 'amartinez', 'abc123', 'Coordinador', 'img_m8.jpg'),
    ('Rodríguez', 'Luis', 'lrod', 'pass987', 'Supervisor', 'img_h2.jpg'),
    ('Fernández', 'Carla', 'cfernandez', 'qwerty', 'Analista', 'img_m3.jpg'),
    ('Pérez', 'Diego', 'dperez', 'xyz456', 'Operador', 'img_h4.jpg'),
	('valencia', 'julian', 'julianv', 'julian123', 'desarrollador', 'img_h4.jpg'),
	('Cadena', 'Stiven camilo', 'milo_milo', '1030529506', 'desarrollador', 'milo.jpg');


	INSERT INTO NOVEDAD (TIP_NOV,       FEC_NOV,        DES_NOV,  								FOT_NOV, ID_SUP) VALUES
    ("Novedad de nómina",           "2025-05-01", "Ajuste de salario correspondiente",          "img1.jpg",    2),
    ("Novedad administrativa",      "2025-05-02", "Cambio en estructura organizativa",         "img2.jpg",    3),
    ("Novedad de permisos o licencias", "2025-05-03", "Autorización de permiso especial",     "img8.jpg",    4),
    ("Novedad de contrato",         "2025-05-04", "Extensión de contrato laboral",            "img1.jpeg",    5),
    ("Novedad de nómina",           "2025-05-05", "Pago de horas extras",                     "img3.png",    4),
    ("Novedad administrativa",      "2025-05-06", "Reasignación de puesto",                   "img4.png",    3),
    ("Novedad de permisos o licencias", "2025-05-07", "Permiso por capacitación",            "img6.png",    2),
    ("Novedad de contrato",         "2025-05-08", "Firma de nuevo acuerdo contractual",       "img7.png",    1),
    ("Novedad de nómina",           "2025-05-09",	 "Cambio en deducciones salariales",        "img2.jpg",   4),
    ("Novedad de permisos o licencias", "2025-05-19", "Autorización de permiso de viaje",   "img7.png",   5);
	
	INSERT INTO SOLICITUD (TIP_SOL, FEC_SOL, DES_SOL, FOT_SOL, EST_SOL, DET_SOL, ID_OPE) VALUES
("Permiso médico",           "2025-05-01", "Incapacidad médica por 3 días",          "sol1.jpg", "aceptada", "Se presentó certificado médico válido", 2),
("Incapacidad médica",       "2025-05-02", "Permiso por diligencia personal",        "sol2.jpg", "rechazada", "No se justificó la urgencia de la diligencia", 3),
("Calamidad doméstica",      "2025-05-03", "Sanción por llegada tarde",              "sol3.jpg", "aceptada", "Se comprobó la situación familiar", 4),
("Vacaciones",               "2025-05-04", "Inicio de vacaciones programadas",       "sol4.jpg", "aceptada", "Vacaciones aprobadas por RRHH", 5),
("Incapacidad médica",       "2025-05-05", "Cambio al turno nocturno",               "sol5.jpg", "rechazada", "No hay disponibilidad en el turno solicitado", 6),
("Licencia por luto",        "2025-05-06", "Ausencia por fallecimiento de familiar", "sol7.jpg", "aceptada", "Se presentó acta de defunción", 7),
("Licencia por maternidad",  "2025-05-07", "Inicio de licencia por maternidad",      "sol7.jpg", "aceptada", "Licencia conforme a ley laboral", 8),
("Permiso sindical",         "2025-05-08", "Autorización para actividad sindical",   "sol6.png", "aceptada", "Actividad sindical autorizada por el sindicato", 9),
("Permiso académico",        "2025-05-09", "Autorización para asistir a capacitación", "sol8.png", "aceptada", "Capacitación avalada por la empresa", 10),
("Licencia de paternidad",   "2025-05-10", "Inicio de licencia de paternidad",       "sol9.png", "aceptada", "Cumple con requisitos legales", 11),
("Cambio de jornada",        "2025-05-11", "Solicitud de ajuste en horario laboral", "sol9.png", "rechazada", "No se justifica el cambio de horario", 12),
("Permiso especial",         "2025-05-12", "Autorización para evento familiar",      "sol6.png", "aceptada", "Evento familiar confirmado", 13),
("Licencia sin sueldo",      "2025-05-13", "Solicitud de licencia sin remuneración", "sol9.png", "aceptada", "Autorizada por recursos humanos", 14),
("Permiso de estudios",      "2025-05-14", "Autorización para curso de formación",   "sol9.png", "aceptada", "Curso relacionado con funciones laborales", 15),
("Cambio de funciones",      "2025-05-15", "Solicitud de cambio de rol en la empresa", "sol10.png", "rechazada", "No hay vacantes disponibles en el nuevo rol", 2),
("Permiso de viaje",         "2025-05-16", "Autorización para viaje personal",       "sol9.png", "rechazada", "No se presentó itinerario ni justificación", 4),
("Reducción de jornada",     "2025-05-17", "Solicitud de ajuste en horas laborales", "sol8.png", "aceptada", "Aprobado por comité de bienestar", 6),
("Permiso por enfermedad",   "2025-05-18", "Incapacidad médica temporal",            "sol7.jpg", "aceptada", "Certificado médico entregado", 8),
("Licencia por accidente",   "2025-05-19", "Autorización de ausencia por accidente", "sol1.jpg", "aceptada", "Informe médico recibido y validado", 9);

INSERT INTO REGISTROS (DOC_REG, NOM_REG, APE_REG, FEC_REG, HOR_REG, ACCION) VALUES
	( "3021455851",                 "NATALY",	      "HERRERA",                        "2025-06-01","07:30:00","ingreso"),
	( "3012563265",                 "KEVIN",	      "COLORADO",                         "2025-06-01","07:30:00","ingreso"),
	( "3052103252",                 "ALEXANDER",    "MEJIA",                           "2025-06-01","07:30:00","ingreso"),
	( "3012212523",                 "ALISON",	      "SEPULVEDA",                        "2025-06-01","07:30:00","ingreso"),
	( "3102456325",                 "KAREN",	      "ORDOÑEZ",                          "2025-06-01","07:30:00","ingreso"),
	( "3125478951",                 "SANTIAGO",     "CASTRO",                           "2025-06-01","07:30:00","ingreso"),
	( "3002145892",                 "VALERIA",      "GUTIERREZ",                        "2025-06-01","07:30:00","ingreso"),
	( "3158745633",                 "SEBASTIAN",    "LOPEZ",                            "2025-06-01","07:30:00","ingreso"),
	( "3015487964",                 "ISABEL",       "ROMERO",                           "2025-06-01","07:30:00","ingreso"),
	( "3185478966",                 "DANIEL",       "MARTÍNEZ",                         "2025-06-01","07:30:00","ingreso"),
	( "3021456988",                 "MARIANA",      "VERGARA",                          "2025-06-01","07:30:00","ingreso"),
	( "3112549877",                 "ANDRES",       "PEREZ",                            "2025-06-01","07:30:00","ingreso"),
	( "3201457899",                 "SOFIA",        "REYES",                         "2025-06-01","07:30:00","ingreso"),
	( "3198745635",                 "JUAN",         "DIAZ",                             "2025-06-01","07:30:00","ingreso"),
	( "3124789657",                 "CARLA",        "MENDEZ",                           "2025-06-01","07:30:00","ingreso"),
	( "3021455851",                 "NATALY",	      "HERRERA",                          "2025-06-02","07:30:00","ingreso"),
	( "3012563265",                 "KEVIN",	      "COLORADO",                         "2025-06-02","07:30:00","ingreso"),
	( "3052103252",                 "ALEXANDER",    "MEJIA",                           "2025-06-02","07:30:00","ingreso"),
	( "3012212523",                 "ALISON",	      "SEPULVEDA",                        "2025-06-02","07:30:00","ingreso"),
	( "3102456325",                 "KAREN",	      "ORDOÑEZ",                          "2025-06-02","07:30:00","ingreso"),
	( "3125478951",                 "SANTIAGO",     "CASTRO",                           "2025-06-02","07:30:00","ingreso"),
	( "3002145892",                 "VALERIA",      "GUTIERREZ",                        "2025-06-02","07:30:00","ingreso"),
	( "3158745633",                 "SEBASTIAN",    "LOPEZ",                            "2025-06-02","07:30:00","ingreso"),
	( "3015487964",                 "ISABEL",       "ROMERO",                           "2025-06-02","07:30:00","ingreso"),
	( "3185478966",                 "DANIEL",       "MARTÍNEZ",                         "2025-06-02","07:30:00","ingreso"),
	( "3021456988",                 "MARIANA",      "VERGARA",                          "2025-06-02","07:30:00","ingreso"),
	( "3112549877",                 "ANDRES",       "PEREZ",                            "2025-06-02","07:30:00","ingreso"),
	( "3201457899",                 "SOFIA",        "REYES",                         "2025-06-02","07:30:00","ingreso"),
	( "3198745635",                 "JUAN",         "DIAZ",                             "2025-06-02","07:30:00","ingreso"),
	( "3124789657",                 "CARLA",        "MENDEZ",                           "2025-06-02","07:30:00","ingreso"),
	( "3021455851",                 "NATALY",	      "HERRERA",                          "2025-06-03","07:30:00","ingreso"),
	( "3012563265",                 "KEVIN",	      "COLORADO",                         "2025-06-03","07:30:00","ingreso"),
	( "3052103252",                 "ALEXANDER",    "MEJIA",                           "2025-06-03","07:30:00","ingreso"),
	( "3012212523",                 "ALISON",	      "SEPULVEDA",                        "2025-06-03","07:30:00","ingreso"),
	( "3102456325",                 "KAREN",	      "ORDOÑEZ",                          "2025-06-03","07:30:00","ingreso"),
	( "3125478951",                 "SANTIAGO",     "CASTRO",                           "2025-06-03","07:30:00","ingreso"),
	( "3002145892",                 "VALERIA",      "GUTIERREZ",                        "2025-06-03","07:30:00","ingreso"),
	( "3158745633",                 "SEBASTIAN",    "LOPEZ",                            "2025-06-03","07:30:00","ingreso"),
	( "3015487964",                 "ISABEL",       "ROMERO",                           "2025-06-03","07:30:00","ingreso"),
	( "3185478966",                 "DANIEL",       "MARTÍNEZ",                         "2025-06-03","07:30:00","ingreso"),
	( "3021456988",                 "MARIANA",      "VERGARA",                          "2025-06-03","07:30:00","ingreso"),
	( "3112549877",                 "ANDRES",       "PEREZ",                            "2025-06-03","07:30:00","ingreso"),
	( "3201457899",                 "SOFIA",        "REYES",                         "2025-06-03","07:30:00","ingreso"),
	( "3198745635",                 "JUAN",         "DIAZ",                             "2025-06-03","07:30:00","ingreso"),
	( "3124789657",                 "CARLA",        "MENDEZ",                           "2025-06-03","07:30:00","ingreso"),
	( "3021455851",                 "NATALY",	      "HERRERA",                          "2025-06-04","07:30:00","ingreso"),
	( "3012563265",                 "KEVIN",	      "COLORADO",                         "2025-06-04","07:30:00","ingreso"),
	( "3052103252",                 "ALEXANDER",    "MEJIA",                           "2025-06-04","07:30:00","ingreso"),
	( "3012212523",                 "ALISON",	      "SEPULVEDA",                        "2025-06-04","07:30:00","ingreso"),
	( "3102456325",                 "KAREN",	      "ORDOÑEZ",                          "2025-06-04","07:30:00","ingreso"),
	( "3125478951",                 "SANTIAGO",     "CASTRO",                           "2025-06-04","07:30:00","ingreso"),
	( "3002145892",                 "VALERIA",      "GUTIERREZ",                        "2025-06-04","07:30:00","ingreso"),
	( "3158745633",                 "SEBASTIAN",    "LOPEZ",                            "2025-06-04","07:30:00","ingreso"),
	( "3015487964",                 "ISABEL",       "ROMERO",                           "2025-06-04","07:30:00","ingreso"),
	( "3185478966",                 "DANIEL",       "MARTÍNEZ",                         "2025-06-04","07:30:00","ingreso"),
	( "3021456988",                 "MARIANA",      "VERGARA",                          "2025-06-04","07:30:00","ingreso"),
	( "3112549877",                 "ANDRES",       "PEREZ",                            "2025-06-04","07:30:00","ingreso"),
	( "3201457899",                 "SOFIA",        "REYES",                         "2025-06-04","07:30:00","ingreso"),
	( "3198745635",                 "JUAN",         "DIAZ",                             "2025-06-04","07:30:00","ingreso"),
	( "3124789657",                 "CARLA",        "MENDEZ",                           "2025-06-04","07:30:00","ingreso"),
	( "3021455851",                 "NATALY",	      "HERRERA",                         "2025-06-05","07:30:00","ingreso"),
	( "3012563265",                 "KEVIN",	      "COLORADO",                         "2025-06-05","07:30:00","ingreso"),
	( "3052103252",                 "ALEXANDER",    "MEJIA",                           "2025-06-05","07:30:00","ingreso"),
	( "3012212523",                 "ALISON",	      "SEPULVEDA",                        "2025-06-05","07:30:00","ingreso"),
	( "3102456325",                 "KAREN",	      "ORDOÑEZ",                          "2025-06-05","07:30:00","ingreso"),
	( "3125478951",                 "SANTIAGO",     "CASTRO",                           "2025-06-05","07:30:00","ingreso"),
	( "3002145892",                 "VALERIA",      "GUTIERREZ",                        "2025-06-05","07:30:00","ingreso"),
	( "3158745633",                 "SEBASTIAN",    "LOPEZ",                            "2025-06-05","07:30:00","ingreso"),
	( "3015487964",                 "ISABEL",       "ROMERO",                           "2025-06-05","07:30:00","ingreso"),
	( "3185478966",                 "DANIEL",       "MARTÍNEZ",                         "2025-06-05","07:30:00","ingreso"),
	( "3021456988",                 "MARIANA",      "VERGARA",                          "2025-06-05","07:30:00","ingreso"),
	( "3112549877",                 "ANDRES",       "PEREZ",                            "2025-06-05","07:30:00","ingreso"),
	( "3201457899",                 "SOFIA",        "REYES",                          "2025-06-05","07:30:00","ingreso"),
	( "3198745635",                 "JUAN",         "DIAZ",                             "2025-06-05","07:30:00","ingreso"),
	( "3124789657",                 "CARLA",        "MENDEZ",                           "2025-06-05","07:30:00","ingreso"),
	( "3021455851",                 "NATALY",	      "HERRERA",                          "2025-06-06","07:30:00","ingreso"),
	( "3012563265",                 "KEVIN",	      "COLORADO",                         "2025-06-06","07:30:00","ingreso"),
	( "3052103252",                 "ALEXANDER",    "MEJIA",                           "2025-06-06","07:30:00","ingreso"),
	( "3012212523",                 "ALISON",	      "SEPULVEDA",                        "2025-06-06","07:30:00","ingreso"),
	( "3102456325",                 "KAREN",	      "ORDOÑEZ",                          "2025-06-06","07:30:00","ingreso"),
	( "3125478951",                 "SANTIAGO",     "CASTRO",                           "2025-06-06","07:30:00","ingreso"),
	( "3002145892",                 "VALERIA",      "GUTIERREZ",                        "2025-06-06","07:30:00","ingreso"),
	( "3158745633",                 "SEBASTIAN",    "LOPEZ",                            "2025-06-06","07:30:00","ingreso"),
	( "3015487964",                 "ISABEL",       "ROMERO",                           "2025-06-06","07:30:00","ingreso"),
	( "3185478966",                 "DANIEL",       "MARTÍNEZ",                         "2025-06-06","07:30:00","ingreso"),
	( "3021456988",                 "MARIANA",      "VERGARA",                          "2025-06-06","07:30:00","ingreso"),
	( "3112549877",                 "ANDRES",       "PEREZ",                            "2025-06-06","07:30:00","ingreso"),
	( "3201457899",                 "SOFIA",        "REYES",                          "2025-06-06","07:30:00","ingreso"),
	( "3198745635",                 "JUAN",         "DIAZ",                             "2025-06-06","07:30:00","ingreso"),
	( "3124789657",                 "CARLA",        "MENDEZ",                           "2025-06-06","07:30:00","ingreso"),
	( "3021455851",                 "NATALY",	      "HERRERA",                          "2025-06-07","07:30:00","ingreso"),
	( "3012563265",                 "KEVIN",	      "COLORADO",                         "2025-06-07","07:30:00","ingreso"),
	( "3052103252",                 "ALEXANDER",    "MEJIA",                           "2025-06-07","07:30:00","ingreso"),
	( "3012212523",                 "ALISON",	      "SEPULVEDA",                        "2025-06-07","07:30:00","ingreso"),
	( "3102456325",                 "KAREN",	      "ORDOÑEZ",                          "2025-06-07","07:30:00","ingreso"),
	( "3125478951",                 "SANTIAGO",     "CASTRO",                           "2025-06-07","07:30:00","ingreso"),
	( "3002145892",                 "VALERIA",      "GUTIERREZ",                        "2025-06-07","07:30:00","ingreso"),
	( "3158745633",                 "SEBASTIAN",    "LOPEZ",                            "2025-06-07","07:30:00","ingreso"),
	( "3015487964",                 "ISABEL",       "ROMERO",                           "2025-06-07","07:30:00","ingreso"),
	( "3185478966",                 "DANIEL",       "MARTÍNEZ",                         "2025-06-07","07:30:00","ingreso"),
	( "3021456988",                 "MARIANA",      "VERGARA",                          "2025-06-07","07:30:00","ingreso"),
	( "3112549877",                 "ANDRES",       "PEREZ",                            "2025-06-07","07:30:00","ingreso"),
	( "3201457899",                 "SOFIA",        "REYES",                          "2025-06-07","07:30:00","ingreso"),
	( "3198745635",                 "JUAN",         "DIAZ",                             "2025-06-07","07:30:00","ingreso"),
	( "3124789657",                 "CARLA",        "MENDEZ",                           "2025-06-07","07:30:00","ingreso"),
	( "3021455851",                 "NATALY",	      "HERRERA",                          "2025-06-08","07:30:00","ingreso"),
	( "3012563265",                 "KEVIN",	      "COLORADO",                         "2025-06-08","07:30:00","ingreso"),
	( "3052103252",                 "ALEXANDER",    "MEJIA",                           "2025-06-08","07:30:00","ingreso"),
	( "3012212523",                 "ALISON",	      "SEPULVEDA",                        "2025-06-08","07:30:00","ingreso"),
	( "3102456325",                 "KAREN",	      "ORDOÑEZ",                          "2025-06-08","07:30:00","ingreso"),
	( "3125478951",                 "SANTIAGO",     "CASTRO",                           "2025-06-08","07:30:00","ingreso"),
	( "3002145892",                 "VALERIA",      "GUTIERREZ",                        "2025-06-08","07:30:00","ingreso"),
	( "3158745633",                 "SEBASTIAN",    "LOPEZ",                            "2025-06-08","07:30:00","ingreso"),
	( "3015487964",                 "ISABEL",       "ROMERO",                           "2025-06-08","07:30:00","ingreso"),
	( "3185478966",                 "DANIEL",       "MARTÍNEZ",                         "2025-06-08","07:30:00","ingreso"),
	( "3021456988",                 "MARIANA",      "VERGARA",                          "2025-06-08","07:30:00","ingreso"),
	( "3112549877",                 "ANDRES",       "PEREZ",                            "2025-06-08","07:30:00","ingreso"),
	( "3201457899",                 "SOFIA",        "REYES",                          "2025-06-08","07:30:00","ingreso"),
	( "3198745635",                 "JUAN",         "DIAZ",                             "2025-06-08","07:30:00","ingreso"),
	( "3124789657",                 "CARLA",        "MENDEZ",                           "2025-06-08","07:30:00","ingreso"),
	( "3021455851",                 "NATALY",	      "HERRERA",                          "2025-06-09","07:30:00","ingreso"),
	( "3012563265",                 "KEVIN",	      "COLORADO",                         "2025-06-09","07:30:00","ingreso"),
	( "3052103252",                 "ALEXANDER",    "MEJIA",                           "2025-06-09","07:30:00","ingreso"),
	( "3012212523",                 "ALISON",	      "SEPULVEDA",                        "2025-06-09","07:30:00","ingreso"),
	( "3102456325",                 "KAREN",	      "ORDOÑEZ",                          "2025-06-09","07:30:00","ingreso"),
	( "3125478951",                 "SANTIAGO",     "CASTRO",                           "2025-06-09","07:30:00","ingreso"),
	( "3002145892",                 "VALERIA",      "GUTIERREZ",                        "2025-06-09","07:30:00","ingreso"),
	( "3158745633",                 "SEBASTIAN",    "LOPEZ",                            "2025-06-09","07:30:00","ingreso"),
	( "3015487964",                 "ISABEL",       "ROMERO",                           "2025-06-09","07:30:00","ingreso"),
	( "3185478966",                 "DANIEL",       "MARTÍNEZ",                         "2025-06-09","07:30:00","ingreso"),
	( "3021456988",                 "MARIANA",      "VERGARA",                          "2025-06-09","07:30:00","ingreso"),
	( "3112549877",                 "ANDRES",       "PEREZ",                            "2025-06-09","07:30:00","ingreso"),
	( "3201457899",                 "SOFIA",        "REYES",                          "2025-06-09","07:30:00","ingreso"),
	( "3198745635",                 "JUAN",         "DIAZ",                             "2025-06-09","07:30:00","ingreso"),
	( "3124789657",                 "CARLA",        "MENDEZ",                           "2025-06-09","07:30:00","ingreso"),
	( "3021455851",                 "NATALY",	      "HERRERA",                          "2025-06-10","07:30:00","ingreso"),
	( "3012563265",                 "KEVIN",	      "COLORADO",                         "2025-06-10","07:30:00","ingreso"),
	( "3052103252",                 "ALEXANDER",    "MEJIA",                           "2025-06-10","07:30:00","ingreso"),
	( "3012212523",                 "ALISON",	      "SEPULVEDA",                        "2025-06-10","07:30:00","ingreso"),
	( "3102456325",                 "KAREN",	      "ORDOÑEZ",                          "2025-06-10","07:30:00","ingreso"),
	( "3125478951",                 "SANTIAGO",     "CASTRO",                           "2025-06-10","07:30:00","ingreso"),
	( "3002145892",                 "VALERIA",      "GUTIERREZ",                        "2025-06-10","07:30:00","ingreso"),
	( "3158745633",                 "SEBASTIAN",    "LOPEZ",                            "2025-06-10","07:30:00","ingreso"),
	( "3015487964",                 "ISABEL",       "ROMERO",                           "2025-06-10","07:30:00","ingreso"),
	( "3185478966",                 "DANIEL",       "MARTÍNEZ",                         "2025-06-10","07:30:00","ingreso"),
	( "3021456988",                 "MARIANA",      "VERGARA",                          "2025-06-10","07:30:00","ingreso"),
	( "3112549877",                 "ANDRES",       "PEREZ",                            "2025-06-10","07:30:00","ingreso"),
	( "3201457899",                 "SOFIA",        "REYES",                          "2025-06-10","07:30:00","ingreso"),
	( "3198745635",                 "JUAN",         "DIAZ",                             "2025-06-10","07:30:00","ingreso"),
	( "3124789657",                 "CARLA",        "MENDEZ",                           "2025-06-10","07:30:00","ingreso"),
	( "3021455851",                 "NATALY",	      "HERRERA",                          "2025-06-11","07:30:00","ingreso"),
	( "3012563265",                 "KEVIN",	      "COLORADO",                         "2025-06-11","07:30:00","ingreso"),
	( "3052103252",                 "ALEXANDER",    "MEJIA",                           "2025-06-11","07:30:00","ingreso"),
	( "3012212523",                 "ALISON",	      "SEPULVEDA",                        "2025-06-11","07:30:00","ingreso"),
	( "3102456325",                 "KAREN",	      "ORDOÑEZ",                          "2025-06-11","07:30:00","ingreso"),
	( "3125478951",                 "SANTIAGO",     "CASTRO",                           "2025-06-11","07:30:00","ingreso"),
	( "3002145892",                 "VALERIA",      "GUTIERREZ",                        "2025-06-11","07:30:00","ingreso"),
	( "3158745633",                 "SEBASTIAN",    "LOPEZ",                            "2025-06-11","07:30:00","ingreso"),
	( "3015487964",                 "ISABEL",       "ROMERO",                           "2025-06-11","07:30:00","ingreso"),
	( "3185478966",                 "DANIEL",       "MARTÍNEZ",                         "2025-06-11","07:30:00","ingreso"),
	( "3021456988",                 "MARIANA",      "VERGARA",                          "2025-06-11","07:30:00","ingreso"),
	( "3112549877",                 "ANDRES",       "PEREZ",                            "2025-06-11","07:30:00","ingreso"),
	( "3201457899",                 "SOFIA",        "REYES",                          "2025-06-11","07:30:00","ingreso"),
	( "3198745635",                 "JUAN",         "DIAZ",                             "2025-06-11","07:30:00","ingreso"),
	( "3124789657",                 "CARLA",        "MENDEZ",                           "2025-06-11","07:30:00","ingreso"),
	( "3021455851",                 "NATALY",	      "HERRERA",                          "2025-06-12","07:30:00","ingreso"),
	( "3012563265",                 "KEVIN",	      "COLORADO",                         "2025-06-12","07:30:00","ingreso"),
	( "3052103252",                 "ALEXANDER",    "MEJIA",                           "2025-06-12","07:30:00","ingreso"),
	( "3012212523",                 "ALISON",	      "SEPULVEDA",                        "2025-06-12","07:30:00","ingreso"),
	( "3102456325",                 "KAREN",	      "ORDOÑEZ",                          "2025-06-12","07:30:00","ingreso"),
	( "3125478951",                 "SANTIAGO",     "CASTRO",                           "2025-06-12","07:30:00","ingreso"),
	( "3002145892",                 "VALERIA",      "GUTIERREZ",                        "2025-06-12","07:30:00","ingreso"),
	( "3158745633",                 "SEBASTIAN",    "LOPEZ",                            "2025-06-12","07:30:00","ingreso"),
	( "3015487964",                 "ISABEL",       "ROMERO",                           "2025-06-12","07:30:00","ingreso"),
	( "3185478966",                 "DANIEL",       "MARTÍNEZ",                         "2025-06-12","07:30:00","ingreso"),
	( "3021456988",                 "MARIANA",      "VERGARA",                          "2025-06-12","07:30:00","ingreso"),
	( "3112549877",                 "ANDRES",       "PEREZ",                            "2025-06-12","07:30:00","ingreso"),
	( "3201457899",                 "SOFIA",        "REYES",                          "2025-06-12","07:30:00","ingreso"),
	( "3198745635",                 "JUAN",         "DIAZ",                             "2025-06-12","07:30:00","ingreso"),
	( "3124789657",                 "CARLA",        "MENDEZ",                           "2025-06-12","07:30:00","ingreso"),
	( "3021455851",                 "NATALY",	      "HERRERA",                          "2025-06-13","07:30:00","ingreso"),
	( "3012563265",                 "KEVIN",	      "COLORADO",                         "2025-06-13","07:30:00","ingreso"),
	( "3052103252",                 "ALEXANDER",    "MEJIA",                           "2025-06-13","07:30:00","ingreso"),
	( "3012212523",                 "ALISON",	      "SEPULVEDA",                        "2025-06-13","07:30:00","ingreso"),
	( "3102456325",                 "KAREN",	      "ORDOÑEZ",                          "2025-06-13","07:30:00","ingreso"),
	( "3125478951",                 "SANTIAGO",     "CASTRO",                           "2025-06-13","07:30:00","ingreso"),
	( "3002145892",                 "VALERIA",      "GUTIERREZ",                        "2025-06-13","07:30:00","ingreso"),
	( "3158745633",                 "SEBASTIAN",    "LOPEZ",                            "2025-06-13","07:30:00","ingreso"),
	( "3015487964",                 "ISABEL",       "ROMERO",                           "2025-06-13","07:30:00","ingreso"),
	( "3185478966",                 "DANIEL",       "MARTÍNEZ",                         "2025-06-13","07:30:00","ingreso"),
	( "3021456988",                 "MARIANA",      "VERGARA",                          "2025-06-13","07:30:00","ingreso"),
	( "3112549877",                 "ANDRES",       "PEREZ",                            "2025-06-13","07:30:00","ingreso"),
	( "3201457899",                 "SOFIA",        "REYES",                          "2025-06-13","07:30:00","ingreso"),
	( "3198745635",                 "JUAN",         "DIAZ",                             "2025-06-13","07:30:00","ingreso"),
	( "3124789657",                 "CARLA",        "MENDEZ",                           "2025-06-13","07:30:00","ingreso"),
	( "3021455851",                 "NATALY",	      "HERRERA",                          "2025-06-14","07:30:00","ingreso"),
	( "3012563265",                 "KEVIN",	      "COLORADO",                         "2025-06-14","07:30:00","ingreso"),
	( "3052103252",                 "ALEXANDER",    "MEJIA",                           "2025-06-14","07:30:00","ingreso"),
	( "3012212523",                 "ALISON",	      "SEPULVEDA",                        "2025-06-14","07:30:00","ingreso"),
	( "3102456325",                 "KAREN",	      "ORDOÑEZ",                          "2025-06-14","07:30:00","ingreso"),
	( "3125478951",                 "SANTIAGO",     "CASTRO",                           "2025-06-14","07:30:00","ingreso"),
	( "3002145892",                 "VALERIA",      "GUTIERREZ",                        "2025-06-14","07:30:00","ingreso"),
	( "3158745633",                 "SEBASTIAN",    "LOPEZ",                            "2025-06-14","07:30:00","ingreso"),
	( "3015487964",                 "ISABEL",       "ROMERO",                           "2025-06-14","07:30:00","ingreso"),
	( "3185478966",                 "DANIEL",       "MARTÍNEZ",                         "2025-06-14","07:30:00","ingreso"),
	( "3021456988",                 "MARIANA",      "VERGARA",                          "2025-06-14","07:30:00","ingreso"),
	( "3112549877",                 "ANDRES",       "PEREZ",                            "2025-06-14","07:30:00","ingreso"),
	( "3201457899",                 "SOFIA",        "REYES",                          "2025-06-14","07:30:00","ingreso"),
	( "3198745635",                 "JUAN",         "DIAZ",                             "2025-06-14","07:30:00","ingreso"),
	( "3124789657",                 "CARLA",        "MENDEZ",                           "2025-06-14","07:30:00","ingreso"),
	( "3021455851",                 "NATALY",	      "HERRERA",                          "2025-06-15","07:30:00","ingreso"),
	( "3012563265",                 "KEVIN",	      "COLORADO",                         "2025-06-15","07:30:00","ingreso"),
	( "3052103252",                 "ALEXANDER",    "MEJIA",                           "2025-06-15","07:30:00","ingreso"),
	( "3012212523",                 "ALISON",	      "SEPULVEDA",                        "2025-06-15","07:30:00","ingreso"),
	( "3102456325",                 "KAREN",	      "ORDOÑEZ",                          "2025-06-15","07:30:00","ingreso"),
	( "3125478951",                 "SANTIAGO",     "CASTRO",                           "2025-06-15","07:30:00","ingreso"),
	( "3002145892",                 "VALERIA",      "GUTIERREZ",                        "2025-06-15","07:30:00","ingreso"),
	( "3158745633",                 "SEBASTIAN",    "LOPEZ",                            "2025-06-15","07:30:00","ingreso"),
	( "3015487964",                 "ISABEL",       "ROMERO",                           "2025-06-15","07:30:00","ingreso"),
	( "3185478966",                 "DANIEL",       "MARTÍNEZ",                         "2025-06-15","07:30:00","ingreso"),
	( "3021456988",                 "MARIANA",      "VERGARA",                          "2025-06-15","07:30:00","ingreso"),
	( "3112549877",                 "ANDRES",       "PEREZ",                            "2025-06-15","07:30:00","ingreso"),
	( "3201457899",                 "SOFIA",        "REYES",                          "2025-06-15","07:30:00","ingreso"),
	( "3198745635",                 "JUAN",         "DIAZ",                             "2025-06-15","07:30:00","ingreso"),
	( "3124789657",                 "CARLA",        "MENDEZ",                           "2025-06-15","07:30:00","ingreso"),
	( "3021455851",                 "NATALY",	      "HERRERA",                          "2025-06-16","07:30:00","ingreso"),
	( "3012563265",                 "KEVIN",	      "COLORADO",                         "2025-06-16","07:30:00","ingreso"),
	( "3052103252",                 "ALEXANDER",    "MEJIA",                           "2025-06-16","07:30:00","ingreso"),
	( "3012212523",                 "ALISON",	      "SEPULVEDA",                        "2025-06-16","07:30:00","ingreso"),
	( "3102456325",                 "KAREN",	      "ORDOÑEZ",                          "2025-06-16","07:30:00","ingreso"),
	( "3125478951",                 "SANTIAGO",     "CASTRO",                           "2025-06-16","07:30:00","ingreso"),
	( "3002145892",                 "VALERIA",      "GUTIERREZ",                        "2025-06-16","07:30:00","ingreso"),
	( "3158745633",                 "SEBASTIAN",    "LOPEZ",                            "2025-06-16","07:30:00","ingreso"),
	( "3015487964",                 "ISABEL",       "ROMERO",                           "2025-06-16","07:30:00","ingreso"),
	( "3185478966",                 "DANIEL",       "MARTÍNEZ",                         "2025-06-16","07:30:00","ingreso"),
	( "3021456988",                 "MARIANA",      "VERGARA",                          "2025-06-16","07:30:00","ingreso"),
	( "3112549877",                 "ANDRES",       "PEREZ",                            "2025-06-16","07:30:00","ingreso"),
	( "3201457899",                 "SOFIA",        "REYES",                          "2025-06-16","07:30:00","ingreso"),
	( "3198745635",                 "JUAN",         "DIAZ",                             "2025-06-16","07:30:00","ingreso"),
	( "3124789657",                 "CARLA",        "MENDEZ",                           "2025-06-16","07:30:00","ingreso"),
	( "3021455851",                 "NATALY",	      "HERRERA",                          "2025-06-17","07:30:00","ingreso"),
	( "3012563265",                 "KEVIN",	      "COLORADO",                         "2025-06-17","07:30:00","ingreso"),
	( "3052103252",                 "ALEXANDER",    "MEJIA",                           "2025-06-17","07:30:00","ingreso"),
	( "3012212523",                 "ALISON",	      "SEPULVEDA",                        "2025-06-17","07:30:00","ingreso"),
	( "3102456325",                 "KAREN",	      "ORDOÑEZ",                          "2025-06-17","07:30:00","ingreso"),
	( "3125478951",                 "SANTIAGO",     "CASTRO",                           "2025-06-17","07:30:00","ingreso"),
	( "3002145892",                 "VALERIA",      "GUTIERREZ",                        "2025-06-17","07:30:00","ingreso"),
	( "3158745633",                 "SEBASTIAN",    "LOPEZ",                            "2025-06-17","07:30:00","ingreso"),
	( "3015487964",                 "ISABEL",       "ROMERO",                           "2025-06-17","07:30:00","ingreso"),
	( "3185478966",                 "DANIEL",       "MARTÍNEZ",                         "2025-06-17","07:30:00","ingreso"),
	( "3021456988",                 "MARIANA",      "VERGARA",                          "2025-06-17","07:30:00","ingreso"),
	( "3112549877",                 "ANDRES",       "PEREZ",                            "2025-06-17","07:30:00","ingreso"),
	( "3201457899",                 "SOFIA",        "REYES",                          "2025-06-17","07:30:00","ingreso"),
	( "3198745635",                 "JUAN",         "DIAZ",                             "2025-06-17","07:30:00","ingreso"),
	( "3124789657",                 "CARLA",        "MENDEZ",                           "2025-06-17","07:30:00","ingreso"),
	( "3021455851",                 "NATALY",	      "HERRERA",                          "2025-06-18","07:30:00","ingreso"),
	( "3012563265",                 "KEVIN",	      "COLORADO",                         "2025-06-18","07:30:00","ingreso"),
	( "3052103252",                 "ALEXANDER",    "MEJIA",                           "2025-06-18","07:30:00","ingreso"),
	( "3012212523",                 "ALISON",	      "SEPULVEDA",                        "2025-06-18","07:30:00","ingreso"),
	( "3102456325",                 "KAREN",	      "ORDOÑEZ",                          "2025-06-18","07:30:00","ingreso"),
	( "3125478951",                 "SANTIAGO",     "CASTRO",                           "2025-06-18","07:30:00","ingreso"),
	( "3002145892",                 "VALERIA",      "GUTIERREZ",                        "2025-06-18","07:30:00","ingreso"),
	( "3158745633",                 "SEBASTIAN",    "LOPEZ",                            "2025-06-18","07:30:00","ingreso"),
	( "3015487964",                 "ISABEL",       "ROMERO",                           "2025-06-18","07:30:00","ingreso"),
	( "3185478966",                 "DANIEL",       "MARTÍNEZ",                         "2025-06-18","07:30:00","ingreso"),
	( "3021456988",                 "MARIANA",      "VERGARA",                          "2025-06-18","07:30:00","ingreso"),
	( "3112549877",                 "ANDRES",       "PEREZ",                            "2025-06-18","07:30:00","ingreso"),
	( "3201457899",                 "SOFIA",        "REYES",                          "2025-06-18","07:30:00","ingreso"),
	( "3198745635",                 "JUAN",         "DIAZ",                             "2025-06-18","07:30:00","ingreso"),
	( "3124789657",                 "CARLA",        "MENDEZ",                           "2025-06-18","07:30:00","ingreso"),
	( "3021455851",                 "NATALY",	     "HERRERA",                           "2025-06-19","07:30:00","ingreso"),
	( "3012563265",                 "KEVIN",	     "COLORADO",                          "2025-06-19","07:30:00","ingreso"),
	( "3052103252",                 "ALEXANDER",   "MEJIA",                            "2025-06-19","07:30:00","ingreso"),
	( "3012212523",                 "ALISON",	     "SEPULVEDA",                         "2025-06-19","07:30:00","ingreso"),
	( "3102456325",                 "KAREN",	     "ORDOÑEZ",                           "2025-06-19","07:30:00","ingreso"),
	( "3125478951",                 "SANTIAGO",    "CASTRO",                            "2025-06-19","07:30:00","ingreso"),
	( "3002145892",                 "VALERIA",     "GUTIERREZ",                         "2025-06-19","07:30:00","ingreso"),
	( "3158745633",                 "SEBASTIAN",   "LOPEZ",                             "2025-06-19","07:30:00","ingreso"),
	( "3015487964",                 "ISABEL",      "ROMERO",                            "2025-06-19","07:30:00","ingreso"),
	( "3185478966",                 "DANIEL",      "MARTÍNEZ",                          "2025-06-19","07:30:00","ingreso"),
	( "3021456988",                 "MARIANA",     "VERGARA",                           "2025-06-19","07:30:00","ingreso"),
	( "3112549877",                 "ANDRES",      "PEREZ",                             "2025-06-19","07:30:00","ingreso"),
	( "3201457899",                 "SOFIA",       "REYES",                           "2025-06-19","07:30:00","ingreso"),
	( "3198745635",                 "JUAN",        "DIAZ",                              "2025-06-19","07:30:00","ingreso"),
	( "3124789657",                 "CARLA",       "MENDEZ",                            "2025-06-19","07:30:00","ingreso"),
	( "3021455851",                 "NATALY",	     "HERRERA",                           "2025-06-20","07:30:00","ingreso"),
	( "3012563265",                 "KEVIN",	     "COLORADO",                          "2025-06-20","07:30:00","ingreso"),
	( "3052103252",                 "ALEXANDER",   "MEJIA",                            "2025-06-20","07:30:00","ingreso"),
	( "3012212523",                 "ALISON",	     "SEPULVEDA",                         "2025-06-20","07:30:00","ingreso"),
	( "3102456325",                 "KAREN",	     "ORDOÑEZ",                           "2025-06-20","07:30:00","ingreso"),
	( "3125478951",                 "SANTIAGO",    "CASTRO",                            "2025-06-20","07:30:00","ingreso"),
	( "3002145892",                 "VALERIA",     "GUTIERREZ",                         "2025-06-20","07:30:00","ingreso"),
	( "3158745633",                 "SEBASTIAN",   "LOPEZ",                             "2025-06-20","07:30:00","ingreso"),
	( "3015487964",                 "ISABEL",      "ROMERO",                            "2025-06-20","07:30:00","ingreso"),
	( "3185478966",                 "DANIEL",      "MARTÍNEZ",                          "2025-06-20","07:30:00","ingreso"),
	( "3021456988",                 "MARIANA",     "VERGARA",                           "2025-06-20","07:30:00","ingreso"),
	( "3112549877",                 "ANDRES",      "PEREZ",                             "2025-06-20","07:30:00","ingreso"),
	( "3201457899",                 "SOFIA",       "REYES",                           "2025-06-20","07:30:00","ingreso"),
	( "3198745635",                 "JUAN",        "DIAZ",                              "2025-06-20","07:30:00","ingreso"),
	( "3124789657",                 "CARLA",       "MENDEZ",                            "2025-06-20","07:30:00","ingreso"),
	( "3021455851",                 "NATALY",	      "HERRERA",                          "2025-06-21","07:30:00","ingreso"),
	( "3012563265",                 "KEVIN",	      "COLORADO",                         "2025-06-21","07:30:00","ingreso"),
	( "3052103252",                 "ALEXANDER",    "MEJIA",                           "2025-06-21","07:30:00","ingreso"),
	( "3012212523",                 "ALISON",	      "SEPULVEDA",                        "2025-06-21","07:30:00","ingreso"),
	( "3102456325",                 "KAREN",	      "ORDOÑEZ",                          "2025-06-21","07:30:00","ingreso"),
	( "3125478951",                 "SANTIAGO",     "CASTRO",                           "2025-06-21","07:30:00","ingreso"),
	( "3002145892",                 "VALERIA",      "GUTIERREZ",                        "2025-06-21","07:30:00","ingreso"),
	( "3158745633",                 "SEBASTIAN",    "LOPEZ",                            "2025-06-21","07:30:00","ingreso"),
	( "3015487964",                 "ISABEL",       "ROMERO",                           "2025-06-21","07:30:00","ingreso"),
	( "3185478966",                 "DANIEL",       "MARTÍNEZ",                         "2025-06-21","07:30:00","ingreso"),
	( "3021456988",                 "MARIANA",      "VERGARA",                          "2025-06-21","07:30:00","ingreso"),
	( "3112549877",                 "ANDRES",       "PEREZ",                            "2025-06-21","07:30:00","ingreso"),
	( "3201457899",                 "SOFIA",        "REYES",                          "2025-06-21","07:30:00","ingreso"),
	( "3198745635",                 "JUAN",         "DIAZ",                             "2025-06-21","07:30:00","ingreso"),
	( "3124789657",                 "CARLA",        "MENDEZ",                           "2025-06-21","07:30:00","ingreso"),
	( "3021455851",                 "NATALY",	      "HERRERA",                          "2025-06-22","07:30:00","ingreso"),
	( "3012563265",                 "KEVIN",	      "COLORADO",                         "2025-06-22","07:30:00","ingreso"),
	( "3052103252",                 "ALEXANDER",    "MEJIA",                           "2025-06-22","07:30:00","ingreso"),
	( "3012212523",                 "ALISON",	      "SEPULVEDA",                        "2025-06-22","07:30:00","ingreso"),
	( "3102456325",                 "KAREN",	      "ORDOÑEZ",                          "2025-06-22","07:30:00","ingreso"),
	( "3125478951",                 "SANTIAGO",     "CASTRO",                           "2025-06-22","07:30:00","ingreso"),
	( "3002145892",                 "VALERIA",      "GUTIERREZ",                        "2025-06-22","07:30:00","ingreso"),
	( "3158745633",                 "SEBASTIAN",    "LOPEZ",                            "2025-06-22","07:30:00","ingreso"),
	( "3015487964",                 "ISABEL",       "ROMERO",                           "2025-06-22","07:30:00","ingreso"),
	( "3185478966",                 "DANIEL",       "MARTÍNEZ",                         "2025-06-22","07:30:00","ingreso"),
	( "3021456988",                 "MARIANA",      "VERGARA",                          "2025-06-22","07:30:00","ingreso"),
	( "3112549877",                 "ANDRES",       "PEREZ",                            "2025-06-22","07:30:00","ingreso"),
	( "3201457899",                 "SOFIA",        "REYES",                          "2025-06-22","07:30:00","ingreso"),
	( "3198745635",                 "JUAN",         "DIAZ",                             "2025-06-22","07:30:00","ingreso"),
	( "3124789657",                 "CARLA",        "MENDEZ",                           "2025-06-22","07:30:00","ingreso"),
	( "3021455851",                 "NATALY",	      "HERRERA",                          "2025-06-23","07:30:00","ingreso"),
	( "3012563265",                 "KEVIN",	      "COLORADO",                         "2025-06-23","07:30:00","ingreso"),
	( "3052103252",                 "ALEXANDER",    "MEJIA",                           "2025-06-23","07:30:00","ingreso"),
	( "3012212523",                 "ALISON",	      "SEPULVEDA",                        "2025-06-23","07:30:00","ingreso"),
	( "3102456325",                 "KAREN",	      "ORDOÑEZ",                          "2025-06-23","07:30:00","ingreso"),
	( "3125478951",                 "SANTIAGO",     "CASTRO",                           "2025-06-23","07:30:00","ingreso"),
	( "3002145892",                 "VALERIA",      "GUTIERREZ",                        "2025-06-23","07:30:00","ingreso"),
	( "3158745633",                 "SEBASTIAN",    "LOPEZ",                            "2025-06-23","07:30:00","ingreso"),
	( "3015487964",                 "ISABEL",       "ROMERO",                           "2025-06-23","07:30:00","ingreso"),
	( "3185478966",                 "DANIEL",       "MARTÍNEZ",                         "2025-06-23","07:30:00","ingreso"),
	( "3021456988",                 "MARIANA",      "VERGARA",                          "2025-06-23","07:30:00","ingreso"),
	( "3112549877",                 "ANDRES",       "PEREZ",                            "2025-06-23","07:30:00","ingreso"),
	( "3201457899",                 "SOFIA",        "REYES",                          "2025-06-23","07:30:00","ingreso"),
	( "3198745635",                 "JUAN",         "DIAZ",                             "2025-06-23","07:30:00","ingreso"),
	( "3124789657",                 "CARLA",        "MENDEZ",                           "2025-06-23","07:30:00","ingreso"),
	( "3021455851",                 "NATALY",	      "HERRERA",                          "2025-06-24","07:30:00","ingreso"),
	( "3012563265",                 "KEVIN",	      "COLORADO",                         "2025-06-24","07:30:00","ingreso"),
	( "3052103252",                 "ALEXANDER",    "MEJIA",                           "2025-06-24","07:30:00","ingreso"),
	( "3012212523",                 "ALISON",	      "SEPULVEDA",                        "2025-06-24","07:30:00","ingreso"),
	( "3102456325",                 "KAREN",	      "ORDOÑEZ",                          "2025-06-24","07:30:00","ingreso"),
	( "3125478951",                 "SANTIAGO",     "CASTRO",                           "2025-06-24","07:30:00","ingreso"),
	( "3002145892",                 "VALERIA",      "GUTIERREZ",                        "2025-06-24","07:30:00","ingreso"),
	( "3158745633",                 "SEBASTIAN",    "LOPEZ",                            "2025-06-24","07:30:00","ingreso"),
	( "3015487964",                 "ISABEL",       "ROMERO",                           "2025-06-24","07:30:00","ingreso"),
	( "3185478966",                 "DANIEL",       "MARTÍNEZ",                         "2025-06-24","07:30:00","ingreso"),
	( "3021456988",                 "MARIANA",      "VERGARA",                          "2025-06-24","07:30:00","ingreso"),
	( "3112549877",                 "ANDRES",       "PEREZ",                            "2025-06-24","07:30:00","ingreso"),
	( "3201457899",                 "SOFIA",        "REYES",                          "2025-06-24","07:30:00","ingreso"),
	( "3198745635",                 "JUAN",         "DIAZ",                             "2025-06-24","07:30:00","ingreso"),
	( "3124789657",                 "CARLA",        "MENDEZ",                           "2025-06-24","07:30:00","ingreso"),
	( "3021455851",                 "NATALY",	      "HERRERA",                          "2025-06-25","07:30:00","ingreso"),
	( "3012563265",                 "KEVIN",	      "COLORADO",                         "2025-06-25","07:30:00","ingreso"),
	( "3052103252",                 "ALEXANDER",    "MEJIA",                           "2025-06-25","07:30:00","ingreso"),
	( "3012212523",                 "ALISON",	      "SEPULVEDA",                        "2025-06-25","07:30:00","ingreso"),
	( "3102456325",                 "KAREN",	      "ORDOÑEZ",                          "2025-06-25","07:30:00","ingreso"),
	( "3125478951",                 "SANTIAGO",     "CASTRO",                           "2025-06-25","07:30:00","ingreso"),
	( "3002145892",                 "VALERIA",      "GUTIERREZ",                        "2025-06-25","07:30:00","ingreso"),
	( "3158745633",                 "SEBASTIAN",    "LOPEZ",                            "2025-06-25","07:30:00","ingreso"),
	( "3015487964",                 "ISABEL",       "ROMERO",                           "2025-06-25","07:30:00","ingreso"),
	( "3185478966",                 "DANIEL",       "MARTÍNEZ",                         "2025-06-25","07:30:00","ingreso"),
	( "3021456988",                 "MARIANA",      "VERGARA",                          "2025-06-25","07:30:00","ingreso"),
	( "3112549877",                 "ANDRES",       "PEREZ",                            "2025-06-25","07:30:00","ingreso"),
	( "3201457899",                 "SOFIA",        "REYES",                          "2025-06-25","07:30:00","ingreso"),
	( "3198745635",                 "JUAN",         "DIAZ",                             "2025-06-25","07:30:00","ingreso"),
	( "3124789657",                 "CARLA",        "MENDEZ",                           "2025-06-25","07:30:00","ingreso"),
	( "3021455851",                 "NATALY",	      "HERRERA",                          "2025-06-26","07:30:00","ingreso"),
	( "3012563265",                 "KEVIN",	      "COLORADO",                         "2025-06-26","07:30:00","ingreso"),
	( "3052103252",                 "ALEXANDER",    "MEJIA",                           "2025-06-26","07:30:00","ingreso"),
	( "3012212523",                 "ALISON",	      "SEPULVEDA",                        "2025-06-26","07:30:00","ingreso"),
	( "3102456325",                 "KAREN",	      "ORDOÑEZ",                          "2025-06-26","07:30:00","ingreso"),
	( "3125478951",                 "SANTIAGO",     "CASTRO",                           "2025-06-26","07:30:00","ingreso"),
	( "3002145892",                 "VALERIA",      "GUTIERREZ",                        "2025-06-26","07:30:00","ingreso"),
	( "3158745633",                 "SEBASTIAN",    "LOPEZ",                            "2025-06-26","07:30:00","ingreso"),
	( "3015487964",                 "ISABEL",       "ROMERO",                           "2025-06-26","07:30:00","ingreso"),
	( "3185478966",                 "DANIEL",       "MARTÍNEZ",                         "2025-06-26","07:30:00","ingreso"),
	( "3021456988",                 "MARIANA",      "VERGARA",                          "2025-06-26","07:30:00","ingreso"),
	( "3112549877",                 "ANDRES",       "PEREZ",                            "2025-06-26","07:30:00","ingreso"),
	( "3201457899",                 "SOFIA",        "REYES",                          "2025-06-26","07:30:00","ingreso"),
	( "3198745635",                 "JUAN",         "DIAZ",                             "2025-06-26","07:30:00","ingreso"),
	( "3124789657",                 "CARLA",        "MENDEZ",                           "2025-06-26","07:30:00","ingreso"),
	( "3021455851",                 "NATALY",	       "HERRERA",                         "2025-06-27","07:30:00","ingreso"),
	( "3012563265",                 "KEVIN",	       "COLORADO",                        "2025-06-27","07:30:00","ingreso"),
	( "3052103252",                 "ALEXANDER",     "MEJIA",                          "2025-06-27","07:30:00","ingreso"),
	( "3012212523",                 "ALISON",	       "SEPULVEDA",                       "2025-06-27","07:30:00","ingreso"),
	( "3102456325",                 "KAREN",	       "ORDOÑEZ",                         "2025-06-27","07:30:00","ingreso"),
	( "3125478951",                 "SANTIAGO",      "CASTRO",                          "2025-06-27","07:30:00","ingreso"),
	( "3002145892",                 "VALERIA",       "GUTIERREZ",                       "2025-06-27","07:30:00","ingreso"),
	( "3158745633",                 "SEBASTIAN",     "LOPEZ",                           "2025-06-27","07:30:00","ingreso"),
	( "3015487964",                 "ISABEL",        "ROMERO",                          "2025-06-27","07:30:00","ingreso"),
	( "3185478966",                 "DANIEL",        "MARTÍNEZ",                        "2025-06-27","07:30:00","ingreso"),
	( "3021456988",                 "MARIANA",       "VERGARA",                         "2025-06-27","07:30:00","ingreso"),
	( "3112549877",                 "ANDRES",        "PEREZ",                           "2025-06-27","07:30:00","ingreso"),
	( "3201457899",                 "SOFIA",         "REYES",                         "2025-06-27","07:30:00","ingreso"),
	( "3198745635",                 "JUAN",          "DIAZ",                            "2025-06-27","07:30:00","ingreso"),
	( "3124789657",                 "CARLA",         "MENDEZ",                          "2025-06-27","07:30:00","ingreso"),
	( "3021455851",                 "NATALY",	       "HERRERA",                         "2025-06-28","07:30:00","ingreso"),
	( "3012563265",                 "KEVIN",	       "COLORADO",                        "2025-06-28","07:30:00","ingreso"),
	( "3052103252",                 "ALEXANDER",     "MEJIA",                          "2025-06-28","07:30:00","ingreso"),
	( "3012212523",                 "ALISON",	       "SEPULVEDA",                       "2025-06-28","07:30:00","ingreso"),
	( "3102456325",                 "KAREN",	       "ORDOÑEZ",                         "2025-06-28","07:30:00","ingreso"),
	( "3125478951",                 "SANTIAGO",      "CASTRO",                          "2025-06-28","07:30:00","ingreso"),
	( "3002145892",                 "VALERIA",       "GUTIERREZ",                       "2025-06-28","07:30:00","ingreso"),
	( "3158745633",                 "SEBASTIAN",     "LOPEZ",                           "2025-06-28","07:30:00","ingreso"),
	( "3015487964",                 "ISABEL",        "ROMERO",                          "2025-06-28","07:30:00","ingreso"),
	( "3185478966",                 "DANIEL",        "MARTÍNEZ",                        "2025-06-28","07:30:00","ingreso"),
	( "3021456988",                 "MARIANA",       "VERGARA",                         "2025-06-28","07:30:00","ingreso"),
	( "3112549877",                 "ANDRES",        "PEREZ",                           "2025-06-28","07:30:00","ingreso"),
	( "3201457899",                 "SOFIA",         "REYES",                         "2025-06-28","07:30:00","ingreso"),
	( "3198745635",                 "JUAN",          "DIAZ",                            "2025-06-28","07:30:00","ingreso"),
	( "3124789657",                 "CARLA",         "MENDEZ",                          "2025-06-28","07:30:00","ingreso"),
	( "3021455851",                 "NATALY",	       "HERRERA",                         "2025-06-29","07:30:00","ingreso"),
	( "3012563265",                 "KEVIN",	       "COLORADO",                        "2025-06-29","07:30:00","ingreso"),
	( "3052103252",                 "ALEXANDER",     "MEJIA",                          "2025-06-29","07:30:00","ingreso"),
	( "3012212523",                 "ALISON",	       "SEPULVEDA",                       "2025-06-29","07:30:00","ingreso"),
	( "3102456325",                 "KAREN",	       "ORDOÑEZ",                         "2025-06-29","07:30:00","ingreso"),
	( "3125478951",                 "SANTIAGO",      "CASTRO",                          "2025-06-29","07:30:00","ingreso"),
	( "3002145892",                 "VALERIA",       "GUTIERREZ",                       "2025-06-29","07:30:00","ingreso"),
	( "3158745633",                 "SEBASTIAN",     "LOPEZ",                           "2025-06-29","07:30:00","ingreso"),
	( "3015487964",                 "ISABEL",        "ROMERO",                          "2025-06-29","07:30:00","ingreso"),
	( "3185478966",                 "DANIEL",        "MARTÍNEZ",                        "2025-06-29","07:30:00","ingreso"),
	( "3021456988",                 "MARIANA",       "VERGARA",                         "2025-06-29","07:30:00","ingreso"),
	( "3112549877",                 "ANDRES",        "PEREZ",                           "2025-06-29","07:30:00","ingreso"),
	( "3201457899",                 "SOFIA",         "REYES",                         "2025-06-29","07:30:00","ingreso"),
	( "3198745635",                 "JUAN",          "DIAZ",                            "2025-06-29","07:30:00","ingreso"),
	( "3124789657",                 "CARLA",         "MENDEZ",                          "2025-06-29","07:30:00","ingreso"),
	( "3021455851",                 "NATALY",	       "HERRERA",                         "2025-06-30","07:30:00","ingreso"),
	( "3012563265",                 "KEVIN",	       "COLORADO",                        "2025-06-30","07:30:00","ingreso"),
	( "3052103252",                 "ALEXANDER",     "MEJIA",                          "2025-06-30","07:30:00","ingreso"),
	( "3012212523",                 "ALISON",	       "SEPULVEDA",                       "2025-06-30","07:30:00","ingreso"),
	( "3102456325",                 "KAREN",	       "ORDOÑEZ",                         "2025-06-30","07:30:00","ingreso"),
	( "3125478951",                 "SANTIAGO",      "CASTRO",                          "2025-06-30","07:30:00","ingreso"),
	( "3002145892",                 "VALERIA",       "GUTIERREZ",                       "2025-06-30","07:30:00","ingreso"),
	( "3158745633",                 "SEBASTIAN",     "LOPEZ",                           "2025-06-30","07:30:00","ingreso"),
	( "3015487964",                 "ISABEL",        "ROMERO",                          "2025-06-30","07:30:00","ingreso"),
	( "3185478966",                 "DANIEL",        "MARTÍNEZ",                        "2025-06-30","07:30:00","ingreso"),
	( "3021456988",                 "MARIANA",       "VERGARA",                         "2025-06-30","07:30:00","ingreso"),
	( "3112549877",                 "ANDRES",        "PEREZ",                           "2025-06-30","07:30:00","ingreso"),
	( "3201457899",                 "SOFIA",         "REYES",                         "2025-06-30","07:30:00","ingreso"),
	( "3198745635",                 "JUAN",          "DIAZ",                            "2025-06-30","07:30:00","ingreso"),
	( "3124789657",                 "CARLA",         "MENDEZ",                          "2025-06-30","07:30:00","ingreso"),
	( "3021455851",                 "NATALY",	       "HERRERA",                         "2025-06-01","17:00:00","salida"),
	( "3012563265",                 "KEVIN",	       "COLORADO",                        "2025-06-01","17:00:00","salida"),
	( "3052103252",                 "ALEXANDER",     "MEJIA",                          "2025-06-01","17:00:00","salida"),
	( "3012212523",                 "ALISON",	       "SEPULVEDA",                       "2025-06-01","17:00:00","salida"),
	( "3102456325",                 "KAREN",	       "ORDOÑEZ",                         "2025-06-01","17:00:00","salida"),
	( "3125478951",                 "SANTIAGO",      "CASTRO",                          "2025-06-01","17:00:00","salida"),
	( "3002145892",                 "VALERIA",       "GUTIERREZ",                       "2025-06-01","17:00:00","salida"),
	( "3158745633",                 "SEBASTIAN",     "LOPEZ",                           "2025-06-01","17:00:00","salida"),
	( "3015487964",                 "ISABEL",        "ROMERO",                          "2025-06-01","17:00:00","salida"),
	( "3185478966",                 "DANIEL",        "MARTÍNEZ",                        "2025-06-01","17:00:00","salida"),
	( "3021456988",                 "MARIANA",       "VERGARA",                         "2025-06-01","17:00:00","salida"),
	( "3112549877",                 "ANDRES",        "PEREZ",                           "2025-06-01","17:00:00","salida"),
	( "3201457899",                 "SOFIA",         "REYES",                         "2025-06-01","17:00:00","salida"),
	( "3198745635",                 "JUAN",          "DIAZ",                            "2025-06-01","17:00:00","salida"),
	( "3124789657",                 "CARLA",         "MENDEZ",                          "2025-06-01","17:00:00","salida"),
	( "3021455851",                 "NATALY",	       "HERRERA",                         "2025-06-02","17:00:00","salida"),
	( "3012563265",                 "KEVIN",	       "COLORADO",                        "2025-06-02","17:00:00","salida"),
	( "3052103252",                 "ALEXANDER",     "MEJIA",                          "2025-06-02","17:00:00","salida"),
	( "3012212523",                 "ALISON",	       "SEPULVEDA",                       "2025-06-02","17:00:00","salida"),
	( "3102456325",                 "KAREN",	       "ORDOÑEZ",                         "2025-06-02","17:00:00","salida"),
	( "3125478951",                 "SANTIAGO",      "CASTRO",                          "2025-06-02","17:00:00","salida"),
	( "3002145892",                 "VALERIA",       "GUTIERREZ",                       "2025-06-02","17:00:00","salida"),
	( "3158745633",                 "SEBASTIAN",     "LOPEZ",                           "2025-06-02","17:00:00","salida"),
	( "3015487964",                 "ISABEL",        "ROMERO",                          "2025-06-02","17:00:00","salida"),
	( "3185478966",                 "DANIEL",        "MARTÍNEZ",                        "2025-06-02","17:00:00","salida"),
	( "3021456988",                 "MARIANA",       "VERGARA",                         "2025-06-02","17:00:00","salida"),
	( "3112549877",                 "ANDRES",        "PEREZ",                           "2025-06-02","17:00:00","salida"),
	( "3201457899",                 "SOFIA",         "REYES",                         "2025-06-02","17:00:00","salida"),
	( "3198745635",                 "JUAN",          "DIAZ",                            "2025-06-02","17:00:00","salida"),
	( "3124789657",                 "CARLA",         "MENDEZ",                          "2025-06-02","17:00:00","salida"),
	( "3021455851",                 "NATALY",	       "HERRERA",                         "2025-06-03","17:00:00","salida"),
	( "3012563265",                 "KEVIN",	       "COLORADO",                        "2025-06-03","17:00:00","salida"),
	( "3052103252",                 "ALEXANDER",     "MEJIA",                          "2025-06-03","17:00:00","salida"),
	( "3012212523",                 "ALISON",	       "SEPULVEDA",                       "2025-06-03","17:00:00","salida"),
	( "3102456325",                 "KAREN",	       "ORDOÑEZ",                         "2025-06-03","17:00:00","salida"),
	( "3125478951",                 "SANTIAGO",      "CASTRO",                          "2025-06-03","17:00:00","salida"),
	( "3002145892",                 "VALERIA",       "GUTIERREZ",                       "2025-06-03","17:00:00","salida"),
	( "3158745633",                 "SEBASTIAN",     "LOPEZ",                           "2025-06-03","17:00:00","salida"),
	( "3015487964",                 "ISABEL",        "ROMERO",                          "2025-06-03","17:00:00","salida"),
	( "3185478966",                 "DANIEL",        "MARTÍNEZ",                        "2025-06-03","17:00:00","salida"),
	( "3021456988",                 "MARIANA",       "VERGARA",                         "2025-06-03","17:00:00","salida"),
	( "3112549877",                 "ANDRES",        "PEREZ",                           "2025-06-03","17:00:00","salida"),
	( "3201457899",                 "SOFIA",         "REYES",                         "2025-06-03","17:00:00","salida"),
	( "3198745635",                 "JUAN",          "DIAZ",                            "2025-06-03","17:00:00","salida"),
	( "3124789657",                 "CARLA",         "MENDEZ",                          "2025-06-03","17:00:00","salida"),
	( "3021455851",                 "NATALY",	       "HERRERA",                         "2025-06-04","17:00:00","salida"),
	( "3012563265",                 "KEVIN",	       "COLORADO",                        "2025-06-04","17:00:00","salida"),
	( "3052103252",                 "ALEXANDER",     "MEJIA",                          "2025-06-04","17:00:00","salida"),
	( "3012212523",                 "ALISON",	       "SEPULVEDA",                       "2025-06-04","17:00:00","salida"),
	( "3102456325",                 "KAREN",	       "ORDOÑEZ",                         "2025-06-04","17:00:00","salida"),
	( "3125478951",                 "SANTIAGO",      "CASTRO",                          "2025-06-04","17:00:00","salida"),
	( "3002145892",                 "VALERIA",       "GUTIERREZ",                       "2025-06-04","17:00:00","salida"),
	( "3158745633",                 "SEBASTIAN",     "LOPEZ",                           "2025-06-04","17:00:00","salida"),
	( "3015487964",                 "ISABEL",        "ROMERO",                          "2025-06-04","17:00:00","salida"),
	( "3185478966",                 "DANIEL",        "MARTÍNEZ",                        "2025-06-04","17:00:00","salida"),
	( "3021456988",                 "MARIANA",       "VERGARA",                         "2025-06-04","17:00:00","salida"),
	( "3112549877",                 "ANDRES",        "PEREZ",                           "2025-06-04","17:00:00","salida"),
	( "3201457899",                 "SOFIA",         "REYES",                         "2025-06-04","17:00:00","salida"),
	( "3198745635",                 "JUAN",          "DIAZ",                            "2025-06-04","17:00:00","salida"),
	( "3124789657",                 "CARLA",         "MENDEZ",                          "2025-06-04","17:00:00","salida"),
	( "3021455851",                 "NATALY",	       "HERRERA",                         "2025-06-05","17:00:00","salida"),
	( "3012563265",                 "KEVIN",	       "COLORADO",                        "2025-06-05","17:00:00","salida"),
	( "3052103252",                 "ALEXANDER",     "MEJIA",                          "2025-06-05","17:00:00","salida"),
	( "3012212523",                 "ALISON",	       "SEPULVEDA",                       "2025-06-05","17:00:00","salida"),
	( "3102456325",                 "KAREN",	       "ORDOÑEZ",                         "2025-06-05","17:00:00","salida"),
	( "3125478951",                 "SANTIAGO",      "CASTRO",                          "2025-06-05","17:00:00","salida"),
	( "3002145892",                 "VALERIA",       "GUTIERREZ",                       "2025-06-05","17:00:00","salida"),
	( "3158745633",                 "SEBASTIAN",     "LOPEZ",                           "2025-06-05","17:00:00","salida"),
	( "3015487964",                 "ISABEL",        "ROMERO",                          "2025-06-05","17:00:00","salida"),
	( "3185478966",                 "DANIEL",        "MARTÍNEZ",                        "2025-06-05","17:00:00","salida"),
	( "3021456988",                 "MARIANA",       "VERGARA",                         "2025-06-05","17:00:00","salida"),
	( "3112549877",                 "ANDRES",        "PEREZ",                           "2025-06-05","17:00:00","salida"),
	( "3201457899",                 "SOFIA",         "REYES",                         "2025-06-05","17:00:00","salida"),
	( "3198745635",                 "JUAN",          "DIAZ",                            "2025-06-05","17:00:00","salida"),
	( "3124789657",                 "CARLA",         "MENDEZ",                          "2025-06-05","17:00:00","salida"),
	( "3021455851",                 "NATALY",	       "HERRERA",                         "2025-06-06","17:00:00","salida"),
	( "3012563265",                 "KEVIN",	       "COLORADO",                        "2025-06-06","17:00:00","salida"),
	( "3052103252",                 "ALEXANDER",     "MEJIA",                          "2025-06-06","17:00:00","salida"),
	( "3012212523",                 "ALISON",	       "SEPULVEDA",                       "2025-06-06","17:00:00","salida"),
	( "3102456325",                 "KAREN",	       "ORDOÑEZ",                         "2025-06-06","17:00:00","salida"),
	( "3125478951",                 "SANTIAGO",      "CASTRO",                          "2025-06-06","17:00:00","salida"),
	( "3002145892",                 "VALERIA",       "GUTIERREZ",                       "2025-06-06","17:00:00","salida"),
	( "3158745633",                 "SEBASTIAN",     "LOPEZ",                           "2025-06-06","17:00:00","salida"),
	( "3015487964",                 "ISABEL",        "ROMERO",                          "2025-06-06","17:00:00","salida"),
	( "3185478966",                 "DANIEL",        "MARTÍNEZ",                        "2025-06-06","17:00:00","salida"),
	( "3021456988",                 "MARIANA",       "VERGARA",                         "2025-06-06","17:00:00","salida"),
	( "3112549877",                 "ANDRES",        "PEREZ",                           "2025-06-06","17:00:00","salida"),
	( "3201457899",                 "SOFIA",         "REYES",                         "2025-06-06","17:00:00","salida"),
	( "3198745635",                 "JUAN",          "DIAZ",                            "2025-06-06","17:00:00","salida"),
	( "3124789657",                 "CARLA",         "MENDEZ",                          "2025-06-06","17:00:00","salida"),
	( "3021455851",                 "NATALY",	       "HERRERA",                         "2025-06-07","17:00:00","salida"),
	( "3012563265",                 "KEVIN",	       "COLORADO",                        "2025-06-07","17:00:00","salida"),
	( "3052103252",                 "ALEXANDER",     "MEJIA",                          "2025-06-07","17:00:00","salida"),
	( "3012212523",                 "ALISON",	       "SEPULVEDA",                       "2025-06-07","17:00:00","salida"),
	( "3102456325",                 "KAREN",	       "ORDOÑEZ",                         "2025-06-07","17:00:00","salida"),
	( "3125478951",                 "SANTIAGO",      "CASTRO",                          "2025-06-07","17:00:00","salida"),
	( "3002145892",                 "VALERIA",       "GUTIERREZ",                       "2025-06-07","17:00:00","salida"),
	( "3158745633",                 "SEBASTIAN",     "LOPEZ",                           "2025-06-07","17:00:00","salida"),
	( "3015487964",                 "ISABEL",        "ROMERO",                          "2025-06-07","17:00:00","salida"),
	( "3185478966",                 "DANIEL",        "MARTÍNEZ",                        "2025-06-07","17:00:00","salida"),
	( "3021456988",                 "MARIANA",       "VERGARA",                         "2025-06-07","17:00:00","salida"),
	( "3112549877",                 "ANDRES",        "PEREZ",                           "2025-06-07","17:00:00","salida"),
	( "3201457899",                 "SOFIA",         "REYES",                         "2025-06-07","17:00:00","salida"),
	( "3198745635",                 "JUAN",          "DIAZ",                            "2025-06-07","17:00:00","salida"),
	( "3124789657",                 "CARLA",         "MENDEZ",                          "2025-06-07","17:00:00","salida"),
	( "3021455851",                 "NATALY",	       "HERRERA",                         "2025-06-08","17:00:00","salida"),
	( "3012563265",                 "KEVIN",	       "COLORADO",                        "2025-06-08","17:00:00","salida"),
	( "3052103252",                 "ALEXANDER",     "MEJIA",                          "2025-06-08","17:00:00","salida"),
	( "3012212523",                 "ALISON",	       "SEPULVEDA",                       "2025-06-08","17:00:00","salida"),
	( "3102456325",                 "KAREN",	       "ORDOÑEZ",                         "2025-06-08","17:00:00","salida"),
	( "3125478951",                 "SANTIAGO",      "CASTRO",                          "2025-06-08","17:00:00","salida"),
	( "3002145892",                 "VALERIA",       "GUTIERREZ",                       "2025-06-08","17:00:00","salida"),
	( "3158745633",                 "SEBASTIAN",     "LOPEZ",                           "2025-06-08","17:00:00","salida"),
	( "3015487964",                 "ISABEL",        "ROMERO",                          "2025-06-08","17:00:00","salida"),
	( "3185478966",                 "DANIEL",        "MARTÍNEZ",                        "2025-06-08","17:00:00","salida"),
	( "3021456988",                 "MARIANA",       "VERGARA",                         "2025-06-08","17:00:00","salida"),
	( "3112549877",                 "ANDRES",        "PEREZ",                           "2025-06-08","17:00:00","salida"),
	( "3201457899",                 "SOFIA",         "REYES",                         "2025-06-08","17:00:00","salida"),
	( "3198745635",                 "JUAN",          "DIAZ",                            "2025-06-08","17:00:00","salida"),
	( "3124789657",                 "CARLA",         "MENDEZ",                          "2025-06-08","17:00:00","salida"),
	( "3021455851",                 "NATALY",	       "HERRERA",                         "2025-06-09","17:00:00","salida"),
	( "3012563265",                 "KEVIN",	       "COLORADO",                        "2025-06-09","17:00:00","salida"),
	( "3052103252",                 "ALEXANDER",     "MEJIA",                          "2025-06-09","17:00:00","salida"),
	( "3012212523",                 "ALISON",	       "SEPULVEDA",                       "2025-06-09","17:00:00","salida"),
	( "3102456325",                 "KAREN",	       "ORDOÑEZ",                         "2025-06-09","17:00:00","salida"),
	( "3125478951",                 "SANTIAGO",      "CASTRO",                          "2025-06-09","17:00:00","salida"),
	( "3002145892",                 "VALERIA",       "GUTIERREZ",                       "2025-06-09","17:00:00","salida"),
	( "3158745633",                 "SEBASTIAN",     "LOPEZ",                           "2025-06-09","17:00:00","salida"),
	( "3015487964",                 "ISABEL",        "ROMERO",                          "2025-06-09","17:00:00","salida"),
	( "3185478966",                 "DANIEL",        "MARTÍNEZ",                        "2025-06-09","17:00:00","salida"),
	( "3021456988",                 "MARIANA",       "VERGARA",                         "2025-06-09","17:00:00","salida"),
	( "3112549877",                 "ANDRES",        "PEREZ",                           "2025-06-09","17:00:00","salida"),
	( "3201457899",                 "SOFIA",         "REYES",                         "2025-06-09","17:00:00","salida"),
	( "3198745635",                 "JUAN",          "DIAZ",                            "2025-06-09","17:00:00","salida"),
	( "3124789657",                 "CARLA",         "MENDEZ",                          "2025-06-09","17:00:00","salida"),
	( "3021455851",                 "NATALY",	       "HERRERA",                         "2025-06-10","17:00:00","salida"),
	( "3012563265",                 "KEVIN",	       "COLORADO",                        "2025-06-10","17:00:00","salida"),
	( "3052103252",                 "ALEXANDER",     "MEJIA",                          "2025-06-10","17:00:00","salida"),
	( "3012212523",                 "ALISON",	       "SEPULVEDA",                       "2025-06-10","17:00:00","salida"),
	( "3102456325",                 "KAREN",	       "ORDOÑEZ",                         "2025-06-10","17:00:00","salida"),
	( "3125478951",                 "SANTIAGO",      "CASTRO",                          "2025-06-10","17:00:00","salida"),
	( "3002145892",                 "VALERIA",       "GUTIERREZ",                       "2025-06-10","17:00:00","salida"),
	( "3158745633",                 "SEBASTIAN",     "LOPEZ",                           "2025-06-10","17:00:00","salida"),
	( "3015487964",                 "ISABEL",        "ROMERO",                          "2025-06-10","17:00:00","salida"),
	( "3185478966",                 "DANIEL",        "MARTÍNEZ",                        "2025-06-10","17:00:00","salida"),
	( "3021456988",                 "MARIANA",       "VERGARA",                         "2025-06-10","17:00:00","salida"),
	( "3112549877",                 "ANDRES",        "PEREZ",                           "2025-06-10","17:00:00","salida"),
	( "3201457899",                 "SOFIA",         "REYES",                         "2025-06-10","17:00:00","salida"),
	( "3198745635",                 "JUAN",          "DIAZ",                            "2025-06-10","17:00:00","salida"),
	( "3124789657",                 "CARLA",         "MENDEZ",                          "2025-06-10","17:00:00","salida"),
	( "3021455851",                 "NATALY",	       "HERRERA",                         "2025-06-11","17:00:00","salida"),
	( "3012563265",                 "KEVIN",	       "COLORADO",                        "2025-06-11","17:00:00","salida"),
	( "3052103252",                 "ALEXANDER",     "MEJIA",                          "2025-06-11","17:00:00","salida"),
	( "3012212523",                 "ALISON",	       "SEPULVEDA",                       "2025-06-11","17:00:00","salida"),
	( "3102456325",                 "KAREN",	       "ORDOÑEZ",                         "2025-06-11","17:00:00","salida"),
	( "3125478951",                 "SANTIAGO",      "CASTRO",                          "2025-06-11","17:00:00","salida"),
	( "3002145892",                 "VALERIA",       "GUTIERREZ",                       "2025-06-11","17:00:00","salida"),
	( "3158745633",                 "SEBASTIAN",     "LOPEZ",                           "2025-06-11","17:00:00","salida"),
	( "3015487964",                 "ISABEL",        "ROMERO",                          "2025-06-11","17:00:00","salida"),
	( "3185478966",                 "DANIEL",        "MARTÍNEZ",                        "2025-06-11","17:00:00","salida"),
	( "3021456988",                 "MARIANA",       "VERGARA",                         "2025-06-11","17:00:00","salida"),
	( "3112549877",                 "ANDRES",        "PEREZ",                           "2025-06-11","17:00:00","salida"),
	( "3201457899",                 "SOFIA",         "REYES",                         "2025-06-11","17:00:00","salida"),
	( "3198745635",                 "JUAN",          "DIAZ",                            "2025-06-11","17:00:00","salida"),
	( "3124789657",                 "CARLA",         "MENDEZ",                          "2025-06-11","17:00:00","salida"),
	( "3021455851",                 "NATALY",	       "HERRERA",                         "2025-06-12","17:00:00","salida"),
	( "3012563265",                 "KEVIN",	       "COLORADO",                        "2025-06-12","17:00:00","salida"),
	( "3052103252",                 "ALEXANDER",     "MEJIA",                          "2025-06-12","17:00:00","salida"),
	( "3012212523",                 "ALISON",	       "SEPULVEDA",                       "2025-06-12","17:00:00","salida"),
	( "3102456325",                 "KAREN",	       "ORDOÑEZ",                         "2025-06-12","17:00:00","salida"),
	( "3125478951",                 "SANTIAGO",      "CASTRO",                          "2025-06-12","17:00:00","salida"),
	( "3002145892",                 "VALERIA",       "GUTIERREZ",                       "2025-06-12","17:00:00","salida"),
	( "3158745633",                 "SEBASTIAN",     "LOPEZ",                           "2025-06-12","17:00:00","salida"),
	( "3015487964",                 "ISABEL",        "ROMERO",                          "2025-06-12","17:00:00","salida"),
	( "3185478966",                 "DANIEL",        "MARTÍNEZ",                        "2025-06-12","17:00:00","salida"),
	( "3021456988",                 "MARIANA",       "VERGARA",                         "2025-06-12","17:00:00","salida"),
	( "3112549877",                 "ANDRES",        "PEREZ",                           "2025-06-12","17:00:00","salida"),
	( "3201457899",                 "SOFIA",         "REYES",                         "2025-06-12","17:00:00","salida"),
	( "3198745635",                 "JUAN",          "DIAZ",                            "2025-06-12","17:00:00","salida"),
	( "3124789657",                 "CARLA",         "MENDEZ",                          "2025-06-12","17:00:00","salida"),
	( "3021455851",                 "NATALY",	       "HERRERA",                         "2025-06-13","17:00:00","salida"),
	( "3012563265",                 "KEVIN",	       "COLORADO",                        "2025-06-13","17:00:00","salida"),
	( "3052103252",                 "ALEXANDER",     "MEJIA",                          "2025-06-13","17:00:00","salida"),
	( "3012212523",                 "ALISON",	       "SEPULVEDA",                       "2025-06-13","17:00:00","salida"),
	( "3102456325",                 "KAREN",	       "ORDOÑEZ",                         "2025-06-13","17:00:00","salida"),
	( "3125478951",                 "SANTIAGO",      "CASTRO",                          "2025-06-13","17:00:00","salida"),
	( "3002145892",                 "VALERIA",       "GUTIERREZ",                       "2025-06-13","17:00:00","salida"),
	( "3158745633",                 "SEBASTIAN",     "LOPEZ",                           "2025-06-13","17:00:00","salida"),
	( "3015487964",                 "ISABEL",        "ROMERO",                          "2025-06-13","17:00:00","salida"),
	( "3185478966",                 "DANIEL",        "MARTÍNEZ",                        "2025-06-13","17:00:00","salida"),
	( "3021456988",                 "MARIANA",       "VERGARA",                         "2025-06-13","17:00:00","salida"),
	( "3112549877",                 "ANDRES",        "PEREZ",                           "2025-06-13","17:00:00","salida"),
	( "3201457899",                 "SOFIA",         "REYES",                         "2025-06-13","17:00:00","salida"),
	( "3198745635",                 "JUAN",          "DIAZ",                            "2025-06-13","17:00:00","salida"),
	( "3124789657",                 "CARLA",         "MENDEZ",                          "2025-06-13","17:00:00","salida"),
	( "3021455851",                 "NATALY",	       "HERRERA",                         "2025-06-14","17:00:00","salida"),
	( "3012563265",                 "KEVIN",	       "COLORADO",                        "2025-06-14","17:00:00","salida"),
	( "3052103252",                 "ALEXANDER",     "MEJIA",                          "2025-06-14","17:00:00","salida"),
	( "3012212523",                 "ALISON",	       "SEPULVEDA",                       "2025-06-14","17:00:00","salida"),
	( "3102456325",                 "KAREN",	       "ORDOÑEZ",                         "2025-06-14","17:00:00","salida"),
	( "3125478951",                 "SANTIAGO",      "CASTRO",                          "2025-06-14","17:00:00","salida"),
	( "3002145892",                 "VALERIA",       "GUTIERREZ",                       "2025-06-14","17:00:00","salida"),
	( "3158745633",                 "SEBASTIAN",     "LOPEZ",                           "2025-06-14","17:00:00","salida"),
	( "3015487964",                 "ISABEL",        "ROMERO",                          "2025-06-14","17:00:00","salida"),
	( "3185478966",                 "DANIEL",        "MARTÍNEZ",                        "2025-06-14","17:00:00","salida"),
	( "3021456988",                 "MARIANA",       "VERGARA",                         "2025-06-14","17:00:00","salida"),
	( "3112549877",                 "ANDRES",        "PEREZ",                           "2025-06-14","17:00:00","salida"),
	( "3201457899",                 "SOFIA",         "REYES",                         "2025-06-14","17:00:00","salida"),
	( "3198745635",                 "JUAN",          "DIAZ",                            "2025-06-14","17:00:00","salida"),
	( "3124789657",                 "CARLA",         "MENDEZ",                          "2025-06-14","17:00:00","salida"),
	( "3021455851",                 "NATALY",	       "HERRERA",                         "2025-06-15","17:00:00","salida"),
	( "3012563265",                 "KEVIN",	       "COLORADO",                        "2025-06-15","17:00:00","salida"),
	( "3052103252",                 "ALEXANDER",     "MEJIA",                          "2025-06-15","17:00:00","salida"),
	( "3012212523",                 "ALISON",	       "SEPULVEDA",                       "2025-06-15","17:00:00","salida"),
	( "3102456325",                 "KAREN",	       "ORDOÑEZ",                         "2025-06-15","17:00:00","salida"),
	( "3125478951",                 "SANTIAGO",      "CASTRO",                          "2025-06-15","17:00:00","salida"),
	( "3002145892",                 "VALERIA",       "GUTIERREZ",                       "2025-06-15","17:00:00","salida"),
	( "3158745633",                 "SEBASTIAN",     "LOPEZ",                           "2025-06-15","17:00:00","salida"),
	( "3015487964",                 "ISABEL",        "ROMERO",                          "2025-06-15","17:00:00","salida"),
	( "3185478966",                 "DANIEL",        "MARTÍNEZ",                        "2025-06-15","17:00:00","salida"),
	( "3021456988",                 "MARIANA",       "VERGARA",                         "2025-06-15","17:00:00","salida"),
	( "3112549877",                 "ANDRES",        "PEREZ",                           "2025-06-15","17:00:00","salida"),
	( "3201457899",                 "SOFIA",         "REYES",                         "2025-06-15","17:00:00","salida"),
	( "3198745635",                 "JUAN",          "DIAZ",                            "2025-06-15","17:00:00","salida"),
	( "3124789657",                 "CARLA",         "MENDEZ",                          "2025-06-15","17:00:00","salida"),
	( "3021455851",                 "NATALY",	       "HERRERA",                         "2025-06-16","17:00:00","salida"),
	( "3012563265",                 "KEVIN",	       "COLORADO",                        "2025-06-16","17:00:00","salida"),
	( "3052103252",                 "ALEXANDER",     "MEJIA",                          "2025-06-16","17:00:00","salida"),
	( "3012212523",                 "ALISON",	       "SEPULVEDA",                       "2025-06-16","17:00:00","salida"),
	( "3102456325",                 "KAREN",	       "ORDOÑEZ",                         "2025-06-16","17:00:00","salida"),
	( "3125478951",                 "SANTIAGO",      "CASTRO",                          "2025-06-16","17:00:00","salida"),
	( "3002145892",                 "VALERIA",       "GUTIERREZ",                       "2025-06-16","17:00:00","salida"),
	( "3158745633",                 "SEBASTIAN",     "LOPEZ",                           "2025-06-16","17:00:00","salida"),
	( "3015487964",                 "ISABEL",        "ROMERO",                          "2025-06-16","17:00:00","salida"),
	( "3185478966",                 "DANIEL",        "MARTÍNEZ",                        "2025-06-16","17:00:00","salida"),
	( "3021456988",                 "MARIANA",       "VERGARA",                         "2025-06-16","17:00:00","salida"),
	( "3112549877",                 "ANDRES",        "PEREZ",                           "2025-06-16","17:00:00","salida"),
	( "3201457899",                 "SOFIA",         "REYES",                         "2025-06-16","17:00:00","salida"),
	( "3198745635",                 "JUAN",          "DIAZ",                            "2025-06-16","17:00:00","salida"),
	( "3124789657",                 "CARLA",         "MENDEZ",                          "2025-06-16","17:00:00","salida"),
	( "3021455851",                 "NATALY",	       "HERRERA",                         "2025-06-17","17:00:00","salida"),
	( "3012563265",                 "KEVIN",	       "COLORADO",                        "2025-06-17","17:00:00","salida"),
	( "3052103252",                 "ALEXANDER",     "MEJIA",                          "2025-06-17","17:00:00","salida"),
	( "3012212523",                 "ALISON",	       "SEPULVEDA",                       "2025-06-17","17:00:00","salida"),
	( "3102456325",                 "KAREN",	       "ORDOÑEZ",                         "2025-06-17","17:00:00","salida"),
	( "3125478951",                 "SANTIAGO",      "CASTRO",                          "2025-06-17","17:00:00","salida"),
	( "3002145892",                 "VALERIA",       "GUTIERREZ",                       "2025-06-17","17:00:00","salida"),
	( "3158745633",                 "SEBASTIAN",     "LOPEZ",                           "2025-06-17","17:00:00","salida"),
	( "3015487964",                 "ISABEL",        "ROMERO",                          "2025-06-17","17:00:00","salida"),
	( "3185478966",                 "DANIEL",        "MARTÍNEZ",                        "2025-06-17","17:00:00","salida"),
	( "3021456988",                 "MARIANA",       "VERGARA",                         "2025-06-17","17:00:00","salida"),
	( "3112549877",                 "ANDRES",        "PEREZ",                           "2025-06-17","17:00:00","salida"),
	( "3201457899",                 "SOFIA",         "REYES",                         "2025-06-17","17:00:00","salida"),
	( "3198745635",                 "JUAN",          "DIAZ",                            "2025-06-17","17:00:00","salida"),
	( "3124789657",                 "CARLA",         "MENDEZ",                          "2025-06-17","17:00:00","salida"),
	( "3021455851",                 "NATALY",	       "HERRERA",                         "2025-06-18","17:00:00","salida"),
	( "3012563265",                 "KEVIN",	       "COLORADO",                        "2025-06-18","17:00:00","salida"),
	( "3052103252",                 "ALEXANDER",     "MEJIA",                          "2025-06-18","17:00:00","salida"),
	( "3012212523",                 "ALISON",	       "SEPULVEDA",                       "2025-06-18","17:00:00","salida"),
	( "3102456325",                 "KAREN",	       "ORDOÑEZ",                         "2025-06-18","17:00:00","salida"),
	( "3125478951",                 "SANTIAGO",      "CASTRO",                          "2025-06-18","17:00:00","salida"),
	( "3002145892",                 "VALERIA",       "GUTIERREZ",                       "2025-06-18","17:00:00","salida"),
	( "3158745633",                 "SEBASTIAN",     "LOPEZ",                           "2025-06-18","17:00:00","salida"),
	( "3015487964",                 "ISABEL",        "ROMERO",                          "2025-06-18","17:00:00","salida"),
	( "3185478966",                 "DANIEL",        "MARTÍNEZ",                        "2025-06-18","17:00:00","salida"),
	( "3021456988",                 "MARIANA",       "VERGARA",                         "2025-06-18","17:00:00","salida"),
	( "3112549877",                 "ANDRES",        "PEREZ",                           "2025-06-18","17:00:00","salida"),
	( "3201457899",                 "SOFIA",         "REYES",                         "2025-06-18","17:00:00","salida"),
	( "3198745635",                 "JUAN",          "DIAZ",                            "2025-06-18","17:00:00","salida"),
	( "3124789657",                 "CARLA",         "MENDEZ",                          "2025-06-18","17:00:00","salida"),
	( "3021455851",                 "NATALY",	       "HERRERA",                         "2025-06-19","17:00:00","salida"),
	( "3012563265",                 "KEVIN",	       "COLORADO",                        "2025-06-19","17:00:00","salida"),
	( "3052103252",                 "ALEXANDER",     "MEJIA",                          "2025-06-19","17:00:00","salida"),
	( "3012212523",                 "ALISON",	       "SEPULVEDA",                       "2025-06-19","17:00:00","salida"),
	( "3102456325",                 "KAREN",	       "ORDOÑEZ",                         "2025-06-19","17:00:00","salida"),
	( "3125478951",                 "SANTIAGO",      "CASTRO",                          "2025-06-19","17:00:00","salida"),
	( "3002145892",                 "VALERIA",       "GUTIERREZ",                       "2025-06-19","17:00:00","salida"),
	( "3158745633",                 "SEBASTIAN",     "LOPEZ",                           "2025-06-19","17:00:00","salida"),
	( "3015487964",                 "ISABEL",        "ROMERO",                          "2025-06-19","17:00:00","salida"),
	( "3185478966",                 "DANIEL",        "MARTÍNEZ",                        "2025-06-19","17:00:00","salida"),
	( "3021456988",                 "MARIANA",       "VERGARA",                         "2025-06-19","17:00:00","salida"),
	( "3112549877",                 "ANDRES",        "PEREZ",                           "2025-06-19","17:00:00","salida"),
	( "3201457899",                 "SOFIA",         "REYES",                         "2025-06-19","17:00:00","salida"),
	( "3198745635",                 "JUAN",          "DIAZ",                            "2025-06-19","17:00:00","salida"),
	( "3124789657",                 "CARLA",         "MENDEZ",                          "2025-06-19","17:00:00","salida"),
	( "3021455851",                 "NATALY",	       "HERRERA",                         "2025-06-20","17:00:00","salida"),
	( "3012563265",                 "KEVIN",	       "COLORADO",                        "2025-06-20","17:00:00","salida"),
	( "3052103252",                 "ALEXANDER",     "MEJIA",                          "2025-06-20","17:00:00","salida"),
	( "3012212523",                 "ALISON",	       "SEPULVEDA",                       "2025-06-20","17:00:00","salida"),
	( "3102456325",                 "KAREN",	       "ORDOÑEZ",                         "2025-06-20","17:00:00","salida"),
	( "3125478951",                 "SANTIAGO",      "CASTRO",                          "2025-06-20","17:00:00","salida"),
	( "3002145892",                 "VALERIA",       "GUTIERREZ",                       "2025-06-20","17:00:00","salida"),
	( "3158745633",                 "SEBASTIAN",     "LOPEZ",                           "2025-06-20","17:00:00","salida"),
	( "3015487964",                 "ISABEL",        "ROMERO",                          "2025-06-20","17:00:00","salida"),
	( "3185478966",                 "DANIEL",        "MARTÍNEZ",                        "2025-06-20","17:00:00","salida"),
	( "3021456988",                 "MARIANA",       "VERGARA",                         "2025-06-20","17:00:00","salida"),
	( "3112549877",                 "ANDRES",        "PEREZ",                           "2025-06-20","17:00:00","salida"),
	( "3201457899",                 "SOFIA",         "REYES",                         "2025-06-20","17:00:00","salida"),
	( "3198745635",                 "JUAN",          "DIAZ",                            "2025-06-20","17:00:00","salida"),
	( "3124789657",                 "CARLA",         "MENDEZ",                          "2025-06-20","17:00:00","salida"),
	( "3021455851",                 "NATALY",	       "HERRERA",                         "2025-06-21","17:00:00","salida"),
	( "3012563265",                 "KEVIN",	       "COLORADO",                        "2025-06-21","17:00:00","salida"),
	( "3052103252",                 "ALEXANDER",     "MEJIA",                          "2025-06-21","17:00:00","salida"),
	( "3012212523",                 "ALISON",	       "SEPULVEDA",                       "2025-06-21","17:00:00","salida"),
	( "3102456325",                 "KAREN",	       "ORDOÑEZ",                         "2025-06-21","17:00:00","salida"),
	( "3125478951",                 "SANTIAGO",      "CASTRO",                          "2025-06-21","17:00:00","salida"),
	( "3002145892",                 "VALERIA",       "GUTIERREZ",                       "2025-06-21","17:00:00","salida"),
	( "3158745633",                 "SEBASTIAN",     "LOPEZ",                           "2025-06-21","17:00:00","salida"),
	( "3015487964",                 "ISABEL",        "ROMERO",                          "2025-06-21","17:00:00","salida"),
	( "3185478966",                 "DANIEL",        "MARTÍNEZ",                        "2025-06-21","17:00:00","salida"),
	( "3021456988",                 "MARIANA",       "VERGARA",                         "2025-06-21","17:00:00","salida"),
	( "3112549877",                 "ANDRES",        "PEREZ",                           "2025-06-21","17:00:00","salida"),
	( "3201457899",                 "SOFIA",         "REYES",                         "2025-06-21","17:00:00","salida"),
	( "3198745635",                 "JUAN",          "DIAZ",                            "2025-06-21","17:00:00","salida"),
	( "3124789657",                 "CARLA",         "MENDEZ",                          "2025-06-21","17:00:00","salida"),
	( "3021455851",                 "NATALY",	       "HERRERA",                         "2025-06-22","17:00:00","salida"),
	( "3012563265",                 "KEVIN",	       "COLORADO",                        "2025-06-22","17:00:00","salida"),
	( "3052103252",                 "ALEXANDER",     "MEJIA",                          "2025-06-22","17:00:00","salida"),
	( "3012212523",                 "ALISON",	       "SEPULVEDA",                       "2025-06-22","17:00:00","salida"),
	( "3102456325",                 "KAREN",	       "ORDOÑEZ",                         "2025-06-22","17:00:00","salida"),
	( "3125478951",                 "SANTIAGO",      "CASTRO",                          "2025-06-22","17:00:00","salida"),
	( "3002145892",                 "VALERIA",       "GUTIERREZ",                       "2025-06-22","17:00:00","salida"),
	( "3158745633",                 "SEBASTIAN",     "LOPEZ",                           "2025-06-22","17:00:00","salida"),
	( "3015487964",                 "ISABEL",        "ROMERO",                          "2025-06-22","17:00:00","salida"),
	( "3185478966",                 "DANIEL",        "MARTÍNEZ",                        "2025-06-22","17:00:00","salida"),
	( "3021456988",                 "MARIANA",       "VERGARA",                         "2025-06-22","17:00:00","salida"),
	( "3112549877",                 "ANDRES",        "PEREZ",                           "2025-06-22","17:00:00","salida"),
	( "3201457899",                 "SOFIA",         "REYES",                         "2025-06-22","17:00:00","salida"),
	( "3198745635",                 "JUAN",          "DIAZ",                            "2025-06-22","17:00:00","salida"),
	( "3124789657",                 "CARLA",         "MENDEZ",                          "2025-06-22","17:00:00","salida"),
	( "3021455851",                 "NATALY",	       "HERRERA",                         "2025-06-23","17:00:00","salida"),
	( "3012563265",                 "KEVIN",	       "COLORADO",                        "2025-06-23","17:00:00","salida"),
	( "3052103252",                 "ALEXANDER",     "MEJIA",                          "2025-06-23","17:00:00","salida"),
	( "3012212523",                 "ALISON",	       "SEPULVEDA",                       "2025-06-23","17:00:00","salida"),
	( "3102456325",                 "KAREN",	       "ORDOÑEZ",                         "2025-06-23","17:00:00","salida"),
	( "3125478951",                 "SANTIAGO",      "CASTRO",                          "2025-06-23","17:00:00","salida"),
	( "3002145892",                 "VALERIA",       "GUTIERREZ",                       "2025-06-23","17:00:00","salida"),
	( "3158745633",                 "SEBASTIAN",     "LOPEZ",                           "2025-06-23","17:00:00","salida"),
	( "3015487964",                 "ISABEL",        "ROMERO",                          "2025-06-23","17:00:00","salida"),
	( "3185478966",                 "DANIEL",        "MARTÍNEZ",                        "2025-06-23","17:00:00","salida"),
	( "3021456988",                 "MARIANA",       "VERGARA",                         "2025-06-23","17:00:00","salida"),
	( "3112549877",                 "ANDRES",        "PEREZ",                           "2025-06-23","17:00:00","salida"),
	( "3201457899",                 "SOFIA",         "REYES",                         "2025-06-23","17:00:00","salida"),
	( "3198745635",                 "JUAN",          "DIAZ",                            "2025-06-23","17:00:00","salida"),
	( "3124789657",                 "CARLA",         "MENDEZ",                          "2025-06-23","17:00:00","salida"),
	( "3021455851",                 "NATALY",	       "HERRERA",                         "2025-06-24","17:00:00","salida"),
	( "3012563265",                 "KEVIN",	       "COLORADO",                        "2025-06-24","17:00:00","salida"),
	( "3052103252",                 "ALEXANDER",     "MEJIA",                          "2025-06-24","17:00:00","salida"),
	( "3012212523",                 "ALISON",	       "SEPULVEDA",                       "2025-06-24","17:00:00","salida"),
	( "3102456325",                 "KAREN",	       "ORDOÑEZ",                         "2025-06-24","17:00:00","salida"),
	( "3125478951",                 "SANTIAGO",      "CASTRO",                          "2025-06-24","17:00:00","salida"),
	( "3002145892",                 "VALERIA",       "GUTIERREZ",                       "2025-06-24","17:00:00","salida"),
	( "3158745633",                 "SEBASTIAN",     "LOPEZ",                           "2025-06-24","17:00:00","salida"),
	( "3015487964",                 "ISABEL",        "ROMERO",                          "2025-06-24","17:00:00","salida"),
	( "3185478966",                 "DANIEL",        "MARTÍNEZ",                        "2025-06-24","17:00:00","salida"),
	( "3021456988",                 "MARIANA",       "VERGARA",                         "2025-06-24","17:00:00","salida"),
	( "3112549877",                 "ANDRES",        "PEREZ",                           "2025-06-24","17:00:00","salida"),
	( "3201457899",                 "SOFIA",         "REYES",                         "2025-06-24","17:00:00","salida"),
	( "3198745635",                 "JUAN",          "DIAZ",                            "2025-06-24","17:00:00","salida"),
	( "3124789657",                 "CARLA",         "MENDEZ",                          "2025-06-24","17:00:00","salida"),
	( "3021455851",                 "NATALY",	       "HERRERA",                         "2025-06-25","17:00:00","salida"),
	( "3012563265",                 "KEVIN",	       "COLORADO",                        "2025-06-25","17:00:00","salida"),
	( "3052103252",                 "ALEXANDER",     "MEJIA",                          "2025-06-25","17:00:00","salida"),
	( "3012212523",                 "ALISON",	       "SEPULVEDA",                       "2025-06-25","17:00:00","salida"),
	( "3102456325",                 "KAREN",	       "ORDOÑEZ",                         "2025-06-25","17:00:00","salida"),
	( "3125478951",                 "SANTIAGO",      "CASTRO",                          "2025-06-25","17:00:00","salida"),
	( "3002145892",                 "VALERIA",       "GUTIERREZ",                       "2025-06-25","17:00:00","salida"),
	( "3158745633",                 "SEBASTIAN",     "LOPEZ",                           "2025-06-25","17:00:00","salida"),
	( "3015487964",                 "ISABEL",        "ROMERO",                          "2025-06-25","17:00:00","salida"),
	( "3185478966",                 "DANIEL",        "MARTÍNEZ",                        "2025-06-25","17:00:00","salida"),
	( "3021456988",                 "MARIANA",       "VERGARA",                         "2025-06-25","17:00:00","salida"),
	( "3112549877",                 "ANDRES",        "PEREZ",                           "2025-06-25","17:00:00","salida"),
	( "3201457899",                 "SOFIA",         "REYES",                         "2025-06-25","17:00:00","salida"),
	( "3198745635",                 "JUAN",          "DIAZ",                            "2025-06-25","17:00:00","salida"),
	( "3124789657",                 "CARLA",         "MENDEZ",                          "2025-06-25","17:00:00","salida"),
	( "3021455851",                 "NATALY",	       "HERRERA",                         "2025-06-26","17:00:00","salida"),
	( "3012563265",                 "KEVIN",	       "COLORADO",                        "2025-06-26","17:00:00","salida"),
	( "3052103252",                 "ALEXANDER",     "MEJIA",                          "2025-06-26","17:00:00","salida"),
	( "3012212523",                 "ALISON",	       "SEPULVEDA",                       "2025-06-26","17:00:00","salida"),
	( "3102456325",                 "KAREN",	       "ORDOÑEZ",                         "2025-06-26","17:00:00","salida"),
	( "3125478951",                 "SANTIAGO",      "CASTRO",                          "2025-06-26","17:00:00","salida"),
	( "3002145892",                 "VALERIA",       "GUTIERREZ",                       "2025-06-26","17:00:00","salida"),
	( "3158745633",                 "SEBASTIAN",     "LOPEZ",                           "2025-06-26","17:00:00","salida"),
	( "3015487964",                 "ISABEL",        "ROMERO",                          "2025-06-26","17:00:00","salida"),
	( "3185478966",                 "DANIEL",        "MARTÍNEZ",                        "2025-06-26","17:00:00","salida"),
	( "3021456988",                 "MARIANA",       "VERGARA",                         "2025-06-26","17:00:00","salida"),
	( "3112549877",                 "ANDRES",        "PEREZ",                           "2025-06-26","17:00:00","salida"),
	( "3201457899",                 "SOFIA",         "REYES",                         "2025-06-26","17:00:00","salida"),
	( "3198745635",                 "JUAN",          "DIAZ",                            "2025-06-26","17:00:00","salida"),
	( "3124789657",                 "CARLA",         "MENDEZ",                          "2025-06-26","17:00:00","salida"),
	( "3021455851",                 "NATALY",	       "HERRERA",                         "2025-06-27","17:00:00","salida"),
	( "3012563265",                 "KEVIN",	       "COLORADO",                        "2025-06-27","17:00:00","salida"),
	( "3052103252",                 "ALEXANDER",     "MEJIA",                          "2025-06-27","17:00:00","salida"),
	( "3012212523",                 "ALISON",	       "SEPULVEDA",                       "2025-06-27","17:00:00","salida"),
	( "3102456325",                 "KAREN",	       "ORDOÑEZ",                         "2025-06-27","17:00:00","salida"),
	( "3125478951",                 "SANTIAGO",      "CASTRO",                          "2025-06-27","17:00:00","salida"),
	( "3002145892",                 "VALERIA",       "GUTIERREZ",                       "2025-06-27","17:00:00","salida"),
	( "3158745633",                 "SEBASTIAN",     "LOPEZ",                           "2025-06-27","17:00:00","salida"),
	( "3015487964",                 "ISABEL",        "ROMERO",                          "2025-06-27","17:00:00","salida"),
	( "3185478966",                 "DANIEL",        "MARTÍNEZ",                        "2025-06-27","17:00:00","salida"),
	( "3021456988",                 "MARIANA",       "VERGARA",                         "2025-06-27","17:00:00","salida"),
	( "3112549877",                 "ANDRES",        "PEREZ",                           "2025-06-27","17:00:00","salida"),
	( "3201457899",                 "SOFIA",         "REYES",                         "2025-06-27","17:00:00","salida"),
	( "3198745635",                 "JUAN",          "DIAZ",                            "2025-06-27","17:00:00","salida"),
	( "3124789657",                 "CARLA",         "MENDEZ",                          "2025-06-27","17:00:00","salida"),
	( "3021455851",                 "NATALY",	       "HERRERA",                         "2025-06-28","17:00:00","salida"),
	( "3012563265",                 "KEVIN",	       "COLORADO",                        "2025-06-28","17:00:00","salida"),
	( "3052103252",                 "ALEXANDER",     "MEJIA",                          "2025-06-28","17:00:00","salida"),
	( "3012212523",                 "ALISON",	       "SEPULVEDA",                       "2025-06-28","17:00:00","salida"),
	( "3102456325",                 "KAREN",	       "ORDOÑEZ",                         "2025-06-28","17:00:00","salida"),
	( "3125478951",                 "SANTIAGO",      "CASTRO",                          "2025-06-28","17:00:00","salida"),
	( "3002145892",                 "VALERIA",       "GUTIERREZ",                       "2025-06-28","17:00:00","salida"),
	( "3158745633",                 "SEBASTIAN",     "LOPEZ",                           "2025-06-28","17:00:00","salida"),
	( "3015487964",                 "ISABEL",        "ROMERO",                          "2025-06-28","17:00:00","salida"),
	( "3185478966",                 "DANIEL",        "MARTÍNEZ",                        "2025-06-28","17:00:00","salida"),
	( "3021456988",                 "MARIANA",       "VERGARA",                         "2025-06-28","17:00:00","salida"),
	( "3112549877",                 "ANDRES",        "PEREZ",                           "2025-06-28","17:00:00","salida"),
	( "3201457899",                 "SOFIA",         "REYES",                         "2025-06-28","17:00:00","salida"),
	( "3198745635",                 "JUAN",          "DIAZ",                            "2025-06-28","17:00:00","salida"),
	( "3124789657",                 "CARLA",         "MENDEZ",                          "2025-06-28","17:00:00","salida"),
	( "3021455851",                 "NATALY",	       "HERRERA",                         "2025-06-29","17:00:00","salida"),
	( "3012563265",                 "KEVIN",	       "COLORADO",                        "2025-06-29","17:00:00","salida"),
	( "3052103252",                 "ALEXANDER",     "MEJIA",                          "2025-06-29","17:00:00","salida"),
	( "3012212523",                 "ALISON",	       "SEPULVEDA",                       "2025-06-29","17:00:00","salida"),
	( "3102456325",                 "KAREN",	       "ORDOÑEZ",                         "2025-06-29","17:00:00","salida"),
	( "3125478951",                 "SANTIAGO",      "CASTRO",                          "2025-06-29","17:00:00","salida"),
	( "3002145892",                 "VALERIA",       "GUTIERREZ",                       "2025-06-29","17:00:00","salida"),
	( "3158745633",                 "SEBASTIAN",     "LOPEZ",                           "2025-06-29","17:00:00","salida"),
	( "3015487964",                 "ISABEL",        "ROMERO",                          "2025-06-29","17:00:00","salida"),
	( "3185478966",                 "DANIEL",        "MARTÍNEZ",                        "2025-06-29","17:00:00","salida"),
	( "3021456988",                 "MARIANA",       "VERGARA",                         "2025-06-29","17:00:00","salida"),
	( "3112549877",                 "ANDRES",        "PEREZ",                           "2025-06-29","17:00:00","salida"),
	( "3201457899",                 "SOFIA",         "REYES",                         "2025-06-29","17:00:00","salida"),
	( "3198745635",                 "JUAN",          "DIAZ",                            "2025-06-29","17:00:00","salida"),
	( "3124789657",                 "CARLA",         "MENDEZ",                          "2025-06-29","17:00:00","salida"),
	( "3021455851",                 "NATALY",	       "HERRERA",                         "2025-06-30","17:00:00","salida"),
	( "3012563265",                 "KEVIN",	       "COLORADO",                        "2025-06-30","17:00:00","salida"),
	( "3052103252",                 "ALEXANDER",     "MEJIA",                          "2025-06-30","17:00:00","salida"),
	( "3012212523",                 "ALISON",	       "SEPULVEDA",                       "2025-06-30","17:00:00","salida"),
	( "3102456325",                 "KAREN",	       "ORDOÑEZ",                         "2025-06-30","17:00:00","salida"),
	( "3125478951",                 "SANTIAGO",      "CASTRO",                          "2025-06-30","17:00:00","salida"),
	( "3002145892",                 "VALERIA",       "GUTIERREZ",                       "2025-06-30","17:00:00","salida"),
	( "3158745633",                 "SEBASTIAN",     "LOPEZ",                           "2025-06-30","17:00:00","salida"),
	( "3015487964",                 "ISABEL",        "ROMERO",                          "2025-06-30","17:00:00","salida"),
	( "3185478966",                 "DANIEL",        "MARTÍNEZ",                        "2025-06-30","17:00:00","salida"),
	( "3021456988",                 "MARIANA",       "VERGARA",                         "2025-06-30","17:00:00","salida"),
	( "3112549877",                 "ANDRES",        "PEREZ",                           "2025-06-30","17:00:00","salida"),
	( "3201457899",                 "SOFIA",         "REYES",                         "2025-06-30","17:00:00","salida"),
	( "3198745635",                 "JUAN",          "DIAZ",                            "2025-06-30","17:00:00","salida"),
	( "3124789657",                 "CARLA",         "MENDEZ",                          "2025-06-30","17:00:00","salida");
	